event_id,state_event,Datetime Event Began,Datetime Restoration,Event Type,fips,state,county,start_time,duration,end_time,min_customers,max_customers,mean_customers
Texas-6,Texas,2015/5/26 05:30,2015/5/27 19:00,Severe Weather,48113,Texas,Dallas,2015/5/29 05:00,25.75,2015/5/30 06:45,331,17311,3794.5145631067962
Texas-2,Texas,2015/4/17 21:30,2015/4/19 23:50,Severe Weather,48113,Texas,Dallas,2015/4/19 00:45,23.75,2015/4/20 00:30,312,7485,1649.1473684210525
Texas-3,Texas,2015/4/18 21:00,2015/4/21 04:00,Severe Weather,48113,Texas,Dallas,2015/4/19 00:45,23.75,2015/4/20 00:30,312,7485,1649.1473684210525
Texas-5,Texas,2015/5/25 20:30,2015/5/26 18:30,Severe Weather,48113,Texas,Dallas,2015/5/27 19:00,15.5,2015/5/28 10:30,200,5933,2098.6612903225805
Texas-5,Texas,2015/5/25 20:30,2015/5/25 20:30,Severe Weather,48113,Texas,Dallas,2015/5/27 19:00,15.5,2015/5/28 10:30,200,5933,2098.6612903225805
Texas-6,Texas,2015/5/26 05:30,2015/5/27 19:00,Severe Weather,48113,Texas,Dallas,2015/5/27 19:00,15.5,2015/5/28 10:30,200,5933,2098.6612903225805
Texas-4,Texas,2015/4/24 19:10,2015/4/26 16:00,Severe Weather,48113,Texas,Dallas,2015/4/25 00:15,15.25,2015/4/25 15:30,470,6692,2502.1311475409834
Texas-5,Texas,2015/5/25 20:30,2015/5/26 18:30,Severe Weather,48113,Texas,Dallas,2015/5/27 00:15,13.5,2015/5/27 13:45,215,23536,11689
Texas-5,Texas,2015/5/25 20:30,2015/5/25 20:30,Severe Weather,48113,Texas,Dallas,2015/5/27 00:15,13.5,2015/5/27 13:45,215,23536,11689
Texas-6,Texas,2015/5/26 05:30,2015/5/27 19:00,Severe Weather,48113,Texas,Dallas,2015/5/27 00:15,13.5,2015/5/27 13:45,215,23536,11689
Texas-3,Texas,2017/8/25 18:30,2017/9/5 17:00,Severe Weather,48201,Texas,Harris,2017/8/28 12:15,100.75,2017/9/1 17:00,210,1089,506.46401985111663
Texas-5,Texas,2017/8/26 06:26,2017/9/8 00:00,Severe Weather,48201,Texas,Harris,2017/8/28 12:15,100.75,2017/9/1 17:00,210,1089,506.46401985111663
Texas-9,Texas,2017/8/25 18:17,2017/9/2 17:00,Severe Weather,48201,Texas,Harris,2017/8/28 12:15,100.75,2017/9/1 17:00,210,1089,506.46401985111663
Texas-9,Texas,2017/8/25 18:17,2017/9/2 17:00,Severe Weather,48201,Texas,Harris,2017/8/28 12:15,100.75,2017/9/1 17:00,210,1089,506.46401985111663
Texas-9,Texas,2017/8/25 18:17,2017/9/2 17:00,Severe Weather,48201,Texas,Harris,2017/8/28 12:15,100.75,2017/9/1 17:00,210,1089,506.46401985111663
Texas-12,Texas,2017/8/27 05:10,2017/9/8 00:00,Severe Weather,48201,Texas,Harris,2017/8/28 12:15,100.75,2017/9/1 17:00,210,1089,506.46401985111663
Texas-9,Texas,2017/8/25 18:17,2017/9/2 17:00,Severe Weather,48201,Texas,Harris,2017/8/28 12:15,100.75,2017/9/1 17:00,210,1089,506.46401985111663
Texas-9,Texas,2017/8/25 18:17,2017/9/2 17:00,Severe Weather,48201,Texas,Harris,2017/8/28 12:15,100.75,2017/9/1 17:00,210,1089,506.46401985111663
Texas-9,Texas,2017/8/25 18:17,2017/9/2 17:00,Severe Weather,48201,Texas,Harris,2017/8/28 12:15,100.75,2017/9/1 17:00,210,1089,506.46401985111663
Texas-9,Texas,2017/8/25 18:17,2017/9/2 17:00,Severe Weather,48201,Texas,Harris,2017/8/28 12:15,100.75,2017/9/1 17:00,210,1089,506.46401985111663
Texas-8,Texas,2018/5/26 18:40,2018/5/27 23:50,Severe Weather,48201,Texas,Harris,2018/5/27 14:15,43.25,2018/5/29 09:30,207,8650,1309.763005780347
Texas-10,Texas,2018/10/31 19:30,2018/11/1 18:55,Severe Weather,48201,Texas,Harris,2018/11/3 13:30,21,2018/11/4 10:30,201,6701,1063.547619047619
Texas-1,Texas,2018/1/15 04:20,2018/1/18 05:48,Severe Weather,48201,Texas,Harris,2018/1/15 22:00,17,2018/1/16 15:00,210,7859,620.6617647058823
Texas-1,Texas,2018/1/15 04:20,2018/1/18 05:48,Severe Weather,48201,Texas,Harris,2018/1/16 22:15,16,2018/1/17 14:15,368,5641,1616.046875
Texas-2,Texas,2018/1/16 13:57,2018/1/16 14:32,Severe Weather,48201,Texas,Harris,2018/1/16 22:15,16,2018/1/17 14:15,368,5641,1616.046875
Texas-1,Texas,2018/1/15 04:20,2018/1/18 05:48,Severe Weather,48201,Texas,Harris,2018/1/18 20:15,12.25,2018/1/19 08:30,206,732,389.61224489795916
Texas-2,Texas,2018/1/16 13:57,2018/1/16 14:32,Severe Weather,48201,Texas,Harris,2018/1/18 20:15,12.25,2018/1/19 08:30,206,732,389.61224489795916
Texas-3,Texas,2018/1/18 05:00,2018/1/18 11:00,Severe Weather,48201,Texas,Harris,2018/1/18 20:15,12.25,2018/1/19 08:30,206,732,389.61224489795916
Texas-8,Texas,2018/5/26 18:40,2018/5/27 23:50,Severe Weather,48201,Texas,Harris,2018/5/29 18:15,12.25,2018/5/30 06:30,206,2468,474.14285714285717
Texas-4,Texas,2018/4/14 09:30,2018/4/14 10:00,Severe Weather,48201,Texas,Harris,2018/4/16 13:15,11,2018/4/17 00:15,200,4005,959.1363636363636
Texas-20,Texas,2019/10/20 22:15,2019/10/25 02:00,Severe Weather,48113,Texas,Dallas,2019/10/21 02:15,124.5,2019/10/26 06:45,267,83944,20299.793172690763
Texas-20,Texas,2019/10/20 22:15,2019/10/25 02:00,Severe Weather,48113,Texas,Dallas,2019/10/21 02:15,124.5,2019/10/26 06:45,267,83944,20299.793172690763
Texas-20,Texas,2019/10/20 22:15,2019/10/25 02:00,Severe Weather,48113,Texas,Dallas,2019/10/21 02:15,124.5,2019/10/26 06:45,267,83944,20299.793172690763
Texas-20,Texas,2019/10/20 22:15,2019/10/25 02:00,Severe Weather,48113,Texas,Dallas,2019/10/21 02:15,124.5,2019/10/26 06:45,267,83944,20299.793172690763
Texas-20,Texas,2019/10/20 22:15,2019/10/25 02:00,Severe Weather,48113,Texas,Dallas,2019/10/21 02:15,124.5,2019/10/26 06:45,267,83944,20299.793172690763
Texas-20,Texas,2019/10/20 22:15,2019/10/25 02:00,Severe Weather,48113,Texas,Dallas,2019/10/21 02:15,124.5,2019/10/26 06:45,267,83944,20299.793172690763
Texas-20,Texas,2019/10/20 22:15,2019/10/25 02:00,Severe Weather,48113,Texas,Dallas,2019/10/21 02:15,124.5,2019/10/26 06:45,267,83944,20299.793172690763
Texas-20,Texas,2019/10/20 22:15,2019/10/25 02:00,Severe Weather,48113,Texas,Dallas,2019/10/21 02:15,124.5,2019/10/26 06:45,267,83944,20299.793172690763
Texas-20,Texas,2019/10/20 22:15,2019/10/25 02:00,Severe Weather,48113,Texas,Dallas,2019/10/21 02:15,124.5,2019/10/26 06:45,267,83944,20299.793172690763
Texas-20,Texas,2019/10/20 22:15,2019/10/25 02:00,Severe Weather,48113,Texas,Dallas,2019/10/21 02:15,124.5,2019/10/26 06:45,267,83944,20299.793172690763
Texas-23,Texas,2020/7/12 04:30,2020/7/13 05:00,Severe Weather,48201,Texas,Harris,2020/7/12 13:30,54,2020/7/14 19:30,212,3391,947.8333333333334
Texas-23,Texas,2020/7/12 04:30,2020/7/13 05:00,Severe Weather,48201,Texas,Harris,2020/7/12 13:30,54,2020/7/14 19:30,212,3391,947.8333333333334
Texas-23,Texas,2020/7/12 04:30,2020/7/13 05:00,Severe Weather,48201,Texas,Harris,2020/7/12 13:30,54,2020/7/14 19:30,212,3391,947.8333333333334
Texas-23,Texas,2020/7/12 04:30,2020/7/13 05:00,Severe Weather,48201,Texas,Harris,2020/7/12 13:30,54,2020/7/14 19:30,212,3391,947.8333333333334
Texas-23,Texas,2020/7/12 04:30,2020/7/13 05:00,Severe Weather,48201,Texas,Harris,2020/7/12 13:30,54,2020/7/14 19:30,212,3391,947.8333333333334
Texas-2,Texas,2020/5/27 17:20,2020/5/27 17:20,Severe Weather,48201,Texas,Harris,2020/5/28 05:15,48,2020/5/30 05:15,269,29245,5331.546875
Texas-32,Texas,2020/5/27 17:15,2020/5/29 06:30,Severe Weather,48201,Texas,Harris,2020/5/28 05:15,48,2020/5/30 05:15,269,29245,5331.546875
Texas-14,Texas,2020/8/16 20:00,2020/8/18 21:00,Severe Weather,48113,Texas,Dallas,2020/8/16 21:00,43.25,2020/8/18 16:15,222,50830,10849.763005780347
Texas-14,Texas,2020/8/16 20:00,2020/8/18 21:00,Severe Weather,48113,Texas,Dallas,2020/8/16 21:00,43.25,2020/8/18 16:15,222,50830,10849.763005780347
Texas-14,Texas,2020/8/16 20:00,2020/8/18 21:00,Severe Weather,48113,Texas,Dallas,2020/8/16 21:00,43.25,2020/8/18 16:15,222,50830,10849.763005780347
Texas-1,Texas,2021/2/10 15:00,2021/2/23 15:00,Severe Weather,48113,Texas,Dallas,2021/2/14 09:15,102,2021/2/18 15:15,299,358650,156770.38725490196
Texas-3,Texas,2021/2/13 13:30,2021/2/20 08:00,Severe Weather,48113,Texas,Dallas,2021/2/14 09:15,102,2021/2/18 15:15,299,358650,156770.38725490196
Texas-4,Texas,2021/2/14 08:30,2021/2/19 18:00,Severe Weather,48113,Texas,Dallas,2021/2/14 09:15,102,2021/2/18 15:15,299,358650,156770.38725490196
Texas-4,Texas,2021/2/14 08:30,2021/2/19 18:00,Severe Weather,48113,Texas,Dallas,2021/2/14 09:15,102,2021/2/18 15:15,299,358650,156770.38725490196
Texas-1,Texas,2021/2/10 15:00,2021/2/23 15:00,Severe Weather,48113,Texas,Dallas,2021/2/18 15:30,69,2021/2/21 12:30,222,33163,10455.384057971014
Texas-3,Texas,2021/2/13 13:30,2021/2/20 08:00,Severe Weather,48113,Texas,Dallas,2021/2/18 15:30,69,2021/2/21 12:30,222,33163,10455.384057971014
Texas-4,Texas,2021/2/14 08:30,2021/2/19 18:00,Severe Weather,48113,Texas,Dallas,2021/2/18 15:30,69,2021/2/21 12:30,222,33163,10455.384057971014
Texas-4,Texas,2021/2/14 08:30,2021/2/19 18:00,Severe Weather,48113,Texas,Dallas,2021/2/18 15:30,69,2021/2/21 12:30,222,33163,10455.384057971014
Texas-8,Texas,2021/2/15 01:20,2021/2/19 09:00,Severe Weather,48113,Texas,Dallas,2021/2/18 15:30,69,2021/2/21 12:30,222,33163,10455.384057971014
Texas-9,Texas,2021/2/15 01:23,2021/2/19 05:30,Severe Weather,48113,Texas,Dallas,2021/2/18 15:30,69,2021/2/21 12:30,222,33163,10455.384057971014
Texas-8,Texas,2022/9/4 16:00,2022/9/6 08:00,Severe Weather,48113,Texas,Dallas,2022/9/4 20:00,57.75,2022/9/7 05:45,295,120548,29146.428571428572
Texas-8,Texas,2022/9/4 16:00,2022/9/6 08:00,Severe Weather,48113,Texas,Dallas,2022/9/4 20:00,57.75,2022/9/7 05:45,295,120548,29146.428571428572
Texas-8,Texas,2022/9/4 16:00,2022/9/6 08:00,Severe Weather,48113,Texas,Dallas,2022/9/4 20:00,57.75,2022/9/7 05:45,295,120548,29146.428571428572
Texas-8,Texas,2022/9/4 16:00,2022/9/6 08:00,Severe Weather,48113,Texas,Dallas,2022/9/4 20:00,57.75,2022/9/7 05:45,295,120548,29146.428571428572
Texas-8,Texas,2022/9/4 16:00,2022/9/6 08:00,Severe Weather,48113,Texas,Dallas,2022/9/4 20:00,57.75,2022/9/7 05:45,295,120548,29146.428571428572
Texas-8,Texas,2022/9/4 16:00,2022/9/6 08:00,Severe Weather,48113,Texas,Dallas,2022/9/4 20:00,57.75,2022/9/7 05:45,295,120548,29146.428571428572
Texas-8,Texas,2022/9/4 16:00,2022/9/6 08:00,Severe Weather,48113,Texas,Dallas,2022/9/4 20:00,57.75,2022/9/7 05:45,295,120548,29146.428571428572
Texas-8,Texas,2022/9/4 16:00,2022/9/6 08:00,Severe Weather,48113,Texas,Dallas,2022/9/4 20:00,57.75,2022/9/7 05:45,295,120548,29146.428571428572
Texas-8,Texas,2022/9/4 16:00,2022/9/6 08:00,Severe Weather,48113,Texas,Dallas,2022/9/4 20:00,57.75,2022/9/7 05:45,295,120548,29146.428571428572
Texas-32,Texas,2022/8/10 19:56,2022/8/11 20:00,Severe Weather,48201,Texas,Harris,2022/8/10 22:45,35,2022/8/12 09:45,206,40873,7324.371428571429
Texas-0,Texas,2023/1/25 03:30,2023/1/25 13:00,Severe Weather,48201,Texas,Harris,2023/1/25 23:30,52.75,2023/1/28 04:15,332,6751,2074.2274881516587
Texas-33,Texas,2023/1/24 15:25,2023/1/26 20:20,Severe Weather,48201,Texas,Harris,2023/1/25 23:30,52.75,2023/1/28 04:15,332,6751,2074.2274881516587
Texas-10,Texas,2023/3/2 19:00,2023/3/4 23:00,Severe Weather,48113,Texas,Dallas,2023/3/3 00:30,49.25,2023/3/5 01:45,218,105907,18271.51776649746
Texas-10,Texas,2023/3/2 19:00,2023/3/4 23:00,Severe Weather,48113,Texas,Dallas,2023/3/3 00:30,49.25,2023/3/5 01:45,218,105907,18271.51776649746
Texas-10,Texas,2023/3/2 19:00,2023/3/4 23:00,Severe Weather,48113,Texas,Dallas,2023/3/3 00:30,49.25,2023/3/5 01:45,218,105907,18271.51776649746
Texas-10,Texas,2023/3/2 19:00,2023/3/4 23:00,Severe Weather,48113,Texas,Dallas,2023/3/3 00:30,49.25,2023/3/5 01:45,218,105907,18271.51776649746
Texas-10,Texas,2023/3/2 19:00,2023/3/4 23:00,Severe Weather,48113,Texas,Dallas,2023/3/3 00:30,49.25,2023/3/5 01:45,218,105907,18271.51776649746
Texas-10,Texas,2023/3/2 19:00,2023/3/4 23:00,Severe Weather,48113,Texas,Dallas,2023/3/3 00:30,49.25,2023/3/5 01:45,218,105907,18271.51776649746
Texas-10,Texas,2023/3/2 19:00,2023/3/4 23:00,Severe Weather,48113,Texas,Dallas,2023/3/3 00:30,49.25,2023/3/5 01:45,218,105907,18271.51776649746
Texas-10,Texas,2023/3/2 19:00,2023/3/4 23:00,Severe Weather,48113,Texas,Dallas,2023/3/3 00:30,49.25,2023/3/5 01:45,218,105907,18271.51776649746