date,period,facility_type,buffer_ntl,nonbuffer_ntl,resilience_buffer,resilience_nonbuffer
2017-08-01,pre,aerodrome,0.08487473428249359,3.342442750930786,0.4807050834432396,1.1667687874700503
2017-08-01,pre,clinic,1.2880393266677856,2.8796489238739014,0.9784243811161694,1.1707619174017578
2017-08-01,pre,fire_station,0.3651522099971771,3.335907220840454,0.8607317912428487,1.156726841264429
2017-08-01,pre,government,1.159240961074829,2.866489887237549,0.9434610254673076,1.1838185469814642
2017-08-01,pre,hospital,0.856464684009552,3.173949956893921,0.9863889563044823,1.1565821639489529
2017-08-01,pre,plant,0.19618143141269684,3.3578014373779297,1.1485744470735506,1.1498539673413144
2017-08-01,pre,police,1.1564372777938843,3.0910122394561768,1.0172360599096126,1.1556203850778282
2017-08-01,pre,public_building,0.026686502620577812,3.412261486053467,1.0380043128925787,1.1517783380322262
2017-08-01,pre,substation,1.6937402486801147,2.667144775390625,1.0035193135654152,1.1762717219167829
2017-08-01,pre,townhall,0.15850859880447388,3.3811824321746826,0.9529239491356839,1.1555266066558842
2017-08-01,pre,water_works,0.04937712103128433,3.4074740409851074,1.1131989610782693,1.1519284193637285
2017-08-01,pre,_all_combined,2.4470064640045166,1.763192057609558,1.0262896868861395,1.214028188243753
2017-08-02,pre,aerodrome,0.16789911687374115,2.9753472805023193,0.9509303289033726,1.0386243228271497
2017-08-02,pre,clinic,1.3982328176498413,2.537436008453369,1.0621298984749232,1.031630426164831
2017-08-02,pre,fire_station,0.42870891094207764,2.979372501373291,1.0105467767531737,1.0330983190819545
2017-08-02,pre,government,1.2691115140914917,2.5182301998138428,1.0328803852884532,1.039992371639376
2017-08-02,pre,hospital,0.9267779588699341,2.840709686279297,1.0673686383611787,1.0351499553329182
2017-08-02,pre,plant,0.18048645555973053,3.011641502380371,1.0566857903217741,1.031314088788408
2017-08-02,pre,police,1.2144447565078735,2.7647693157196045,1.0682611351345106,1.0336496700011046
2017-08-02,pre,public_building,0.0281766839325428,3.0552353858947754,1.0959667462171627,1.0312673719308254
2017-08-02,pre,substation,1.76633620262146,2.3636586666107178,1.0465314825940586,1.0424274210576057
2017-08-02,pre,townhall,0.1833939105272293,3.013423204421997,1.1025297730542492,1.029844073685272
2017-08-02,pre,water_works,0.049968570470809937,3.050180673599243,1.1265330900809116,1.0311420600278975
2017-08-02,pre,_all_combined,2.4688687324523926,1.5393774509429932,1.0354588578589343,1.0599228879951357
2017-08-06,pre,aerodrome,0.2452956587076187,3.5807905197143555,1.389281169291762,1.2499704330636372
2017-08-06,pre,clinic,1.7096538543701172,3.0670552253723145,1.2986925008823118,1.2469545945911324
2017-08-06,pre,fire_station,0.539097785949707,3.605099678039551,1.2707539219306172,1.2500694074973324
2017-08-06,pre,government,1.6008857488632202,2.996929407119751,1.3028985008242802,1.2376881676570566
2017-08-06,pre,hospital,1.1376928091049194,3.4284071922302246,1.3102789216182091,1.2493059635912565
2017-08-06,pre,plant,0.22894099354743958,3.644702196121216,1.340370356066233,1.2481009845716755
2017-08-06,pre,police,1.4912614822387695,3.3200385570526123,1.3117572250709721,1.241245242189463
2017-08-06,pre,public_building,0.032183095812797546,3.6935296058654785,1.2518010595423477,1.2467178756094621
2017-08-06,pre,substation,2.2122035026550293,2.802166700363159,1.3107021234108116,1.235819472623604
2017-08-06,pre,townhall,0.2183203399181366,3.6436541080474854,1.312500912004552,1.2452268849013008
2017-08-06,pre,water_works,0.05620374530553818,3.6882269382476807,1.267104067148675,1.2468395580211387
2017-08-06,pre,_all_combined,3.048849105834961,1.8130320310592651,1.2787062233868596,1.2483450015529605
2017-08-09,pre,aerodrome,0.20593231916427612,2.5902154445648193,1.1663389995194555,0.9041837837609903
2017-08-09,pre,clinic,1.3086836338043213,2.217587947845459,0.9941062729772606,0.9015916823408813
2017-08-09,pre,fire_station,0.47651419043540955,2.6238715648651123,1.1232327272215517,0.9098282614542579
2017-08-09,pre,government,1.233392596244812,2.191023588180542,1.0038101505471226,0.9048608097695531
2017-08-09,pre,hospital,0.8473255038261414,2.5062780380249023,0.975863377642686,0.9132836106569584
2017-08-09,pre,plant,0.1560608148574829,2.673362970352173,0.9136821096880849,0.915473137685962
2017-08-09,pre,police,1.0840531587600708,2.452955722808838,0.9535648712858328,0.9170735724650309
2017-08-09,pre,public_building,0.02417302131652832,2.7046027183532715,0.9402393689030113,0.9129144518127827
2017-08-09,pre,substation,1.6676430702209473,2.0770552158355713,0.9880570709731723,0.9160287577150059
2017-08-09,pre,townhall,0.16759228706359863,2.670358419418335,1.0075333782385187,0.9126009213767333
2017-08-09,pre,water_works,0.038792673498392105,2.700061321258545,0.8745743561779984,0.912780943470756
2017-08-09,pre,_all_combined,2.288083553314209,1.300202488899231,0.9596364325320519,0.8952413692745271
2017-08-10,pre,aerodrome,0.13509611785411835,2.8164756298065186,0.7651439636885746,0.9831659359350824
2017-08-10,pre,clinic,1.2882535457611084,2.4039156436920166,0.9785871068804127,0.9773458371775422
2017-08-10,pre,fire_station,0.41223859786987305,2.8253538608551025,0.9717231802231712,0.9796923087380696
2017-08-10,pre,government,1.171816349029541,2.3729896545410156,0.9536956434749402,0.9800101431887562
2017-08-10,pre,hospital,0.821258008480072,2.6891298294067383,0.9458414864801609,0.9799145038438526
2017-08-10,pre,plant,0.17386943101882935,2.8534321784973145,1.017945399609925,0.9771364901036635
2017-08-10,pre,police,1.0882341861724854,2.623793601989746,0.9572426253093733,0.9809438261006667
2017-08-10,pre,public_building,0.023264355957508087,2.9009132385253906,0.9048957131587854,0.9791773116745555
2017-08-10,pre,substation,1.626039981842041,2.2269322872161865,0.96340777618034,0.9821279670475405
2017-08-10,pre,townhall,0.1638040393590927,2.8610668182373047,0.9847591439691531,0.9777759402846383
2017-08-10,pre,water_works,0.037196218967437744,2.8948354721069336,0.83858255495206,0.9786261640127244
2017-08-10,pre,_all_combined,2.314988136291504,1.4274898767471313,0.9709203814899895,0.9828838221703112
2017-08-11,pre,aerodrome,0.17069397866725922,3.179126501083374,0.9667595893190076,1.1097588947035828
2017-08-11,pre,clinic,1.455985188484192,2.7288103103637695,1.1059999314169882,1.109436349931618
2017-08-11,pre,fire_station,0.440929114818573,3.2024807929992676,1.0393520740620685,1.1104611869159702
2017-08-11,pre,government,1.3092154264450073,2.6948399543762207,1.0655193961108602,1.1129296263492723
2017-08-11,pre,hospital,0.9472461342811584,3.037269353866577,1.0909418020400554,1.106775976149472
2017-08-11,pre,plant,0.2003757208585739,3.2265965938568115,1.1731305615155463,1.1049238508139463
2017-08-11,pre,police,1.218044400215149,2.959563970565796,1.0714274870432388,1.1064765165502672
2017-08-11,pre,public_building,0.028550896793603897,3.276848077774048,1.1105222152961933,1.1060707534954575
2017-08-11,pre,substation,1.812638759613037,2.5318832397460938,1.0739651520984115,1.1166182974346421
2017-08-11,pre,townhall,0.17048484086990356,3.2405169010162354,1.024922868884333,1.1074538489288115
2017-08-11,pre,water_works,0.057798758149147034,3.269437551498413,1.3030633657737793,1.1052638950749516
2017-08-11,pre,_all_combined,2.586493730545044,1.6499395370483398,1.0847915115475302,1.136049302303569
2017-08-12,pre,aerodrome,0.23662105202674866,3.3832037448883057,1.3401507942323725,1.1809974995347956
2017-08-12,pre,clinic,1.6831586360931396,2.900698184967041,1.2785661219678923,1.179319791617946
2017-08-12,pre,fire_station,0.539344847202301,3.413243532180786,1.271336291333485,1.1835432306930314
2017-08-12,pre,government,1.5977152585983276,2.8772833347320557,1.3003181623985431,1.1882760834921482
2017-08-12,pre,hospital,1.1399099826812744,3.2370340824127197,1.312832436749374,1.179569915928118
2017-08-12,pre,plant,0.23184305429458618,3.4435389041900635,1.3573609182923585,1.179214121061634
2017-08-12,pre,police,1.4664826393127441,3.168229103088379,1.2899610299541266,1.1844890451711465
2017-08-12,pre,public_building,0.0381791926920414,3.495098114013672,1.4850266159094672,1.1797391007317304
2017-08-12,pre,substation,2.1594362258911133,2.6797800064086914,1.2794381905863386,1.1818441471872712
2017-08-12,pre,townhall,0.20541885495185852,3.4588804244995117,1.2349396055738162,1.1820800681197603
2017-08-12,pre,water_works,0.055542152374982834,3.4906439781188965,1.2521885648356843,1.1800447932725986
2017-08-12,pre,_all_combined,3.0013837814331055,1.7013497352600098,1.2587989719615362,1.171447278107057
2017-08-13,pre,aerodrome,0.20998170971870422,3.09002423286438,1.1892735352304218,1.0786553715626834
2017-08-13,pre,clinic,1.54874587059021,2.6436173915863037,1.1764630850664135,1.0747999662703833
2017-08-13,pre,fire_station,0.5058793425559998,3.102497100830078,1.192451861853298,1.075791811311548
2017-08-13,pre,government,1.456218957901001,2.5995888710021973,1.1851598394628569,1.073592317112534
2017-08-13,pre,hospital,1.0175819396972656,2.972125768661499,1.1719474325004182,1.0830377604349384
2017-08-13,pre,plant,0.19808626174926758,3.1599314212799072,1.1597265700591008,1.0820948614884471
2017-08-13,pre,police,1.341468095779419,2.885777473449707,1.1799945802925962,1.0788903494292206
2017-08-13,pre,public_building,0.027695419266819954,3.1989593505859375,1.0772473656461803,1.0797801104369373
2017-08-13,pre,substation,1.9505620002746582,2.44416880607605,1.1556828983120506,1.0779342301571517
2017-08-13,pre,townhall,0.20342564582824707,3.154400587081909,1.2229568063827891,1.0780234073556714
2017-08-13,pre,water_works,0.04788827523589134,3.1938869953155518,1.0796331808541217,1.0797233240481467
2017-08-13,pre,_all_combined,2.72666072845459,1.5539664030075073,1.1435784197606556,1.0699679644613203
2017-08-14,pre,aerodrome,0.10699383169412613,2.45761775970459,0.605981028715225,0.8578970253886524
2017-08-14,pre,clinic,1.0924800634384155,2.0774075984954834,0.8298730541999831,0.8445993826107311
2017-08-14,pre,fire_station,0.31469428539276123,2.457873821258545,0.7417930620277324,0.8522684934788551
2017-08-14,pre,government,1.0149832963943481,2.0485293865203857,0.8260553360368941,0.8460127812055399
2017-08-14,pre,hospital,0.7516213059425354,2.3250062465667725,0.8656410116457305,0.8472284668535193
2017-08-14,pre,plant,0.13018713891506195,2.495417833328247,0.7622006834117598,0.8545371575239447
2017-08-14,pre,police,0.9623550772666931,2.272399425506592,0.8465156786542658,0.8495699452864602
2017-08-14,pre,public_building,0.01875791884958744,2.523338556289673,0.7296123041520973,0.8517303555236437
2017-08-14,pre,substation,1.3759831190109253,1.9444860219955444,0.8152523010204679,0.857562717419728
2017-08-14,pre,townhall,0.15131288766860962,2.486341953277588,0.909664684186369,0.8497128853260836
2017-08-14,pre,water_works,0.03801734000444412,2.519026756286621,0.8570945918271113,0.8515805182378702
2017-08-14,pre,_all_combined,1.9652462005615234,1.2485052347183228,0.8242364446098736,0.8596457439655554
2017-08-16,pre,aerodrome,0.16941982507705688,3.0281760692596436,0.9595431648662475,1.0570656205231923
2017-08-16,pre,clinic,1.2763265371322632,2.668680191040039,0.96952707602993,1.0849896011597773
2017-08-16,pre,fire_station,0.4353843331336975,3.06386661529541,1.0262819905708298,1.0623966787281636
2017-08-16,pre,government,1.1851836442947388,2.6126832962036133,0.9645747639702466,1.0790001238815425
2017-08-16,pre,hospital,0.8616613745689392,2.9216768741607666,0.9923739762040934,1.0646542659366225
2017-08-16,pre,plant,0.18264712393283844,3.091949939727783,1.069335756549878,1.0588151120076406
2017-08-16,pre,police,1.1118981838226318,2.851257801055908,0.9780581699079242,1.0659846622257625
2017-08-16,pre,public_building,0.02818284183740616,3.14086651802063,1.0962062654939082,1.060171394511406
2017-08-16,pre,substation,1.6819406747817993,2.449340343475342,0.9965282177890533,1.0802149961874588
2017-08-16,pre,townhall,0.1684778332710266,3.107466459274292,1.012857115849532,1.061983564924866
2017-08-16,pre,water_works,0.0474686473608017,3.1364214420318604,1.0701727403741408,1.0602965571334948
2017-08-16,pre,_all_combined,2.4129679203033447,1.6013237237930298,1.0120137105570999,1.1025753722052458
2017-08-18,pre,aerodrome,0.16763006150722504,2.8074285984039307,0.9494064798627204,0.9800078283334305
2017-08-18,pre,clinic,1.239925503730774,2.402311086654663,0.9418760114696728,0.9766934818650392
2017-08-18,pre,fire_station,0.3984626531600952,2.8279013633728027,0.939250711916869,0.9805756560092416
2017-08-18,pre,government,1.1807363033294678,2.363516330718994,0.9609552465372125,0.976097798515223
2017-08-18,pre,hospital,0.8135461807250977,2.696185350418091,0.9369597872432263,0.9824855241403047
2017-08-18,pre,plant,0.16179266571998596,2.861724853515625,0.9472401145802922,0.9799762545887019
2017-08-18,pre,police,1.077401041984558,2.6185550689697266,0.9477134747693784,0.9789853234882981
2017-08-18,pre,public_building,0.02650471217930317,2.9038734436035156,1.0309333502876767,0.9801765024162535
2017-08-18,pre,substation,1.595898151397705,2.2040390968322754,0.945549129306549,0.9720315475649842
2017-08-18,pre,townhall,0.16097629070281982,2.8686792850494385,0.9677592497235254,0.9803775177268965
2017-08-18,pre,water_works,0.042573992162942886,2.9003121852874756,0.9598235550168055,0.980477618046266
2017-08-18,pre,_all_combined,2.2582478523254395,1.3947590589523315,0.9471231545018488,0.9603473462057873
2017-08-20,pre,aerodrome,0.1266573667526245,2.4531946182250977,0.7173494040155078,0.8563530098869961
2017-08-20,pre,clinic,1.0978260040283203,2.0955777168273926,0.8339339539759963,0.8519867006970849
2017-08-20,pre,fire_station,0.350021630525589,2.4776487350463867,0.825066196418096,0.8591254508364172
2017-08-20,pre,government,1.0475910902023315,2.045548439025879,0.8525935482096096,0.8447816933348704
2017-08-20,pre,hospital,0.7203999757766724,2.3488779067993164,0.8296834574678167,0.8559272607298503
2017-08-20,pre,plant,0.150782972574234,2.4966840744018555,0.8827821680444148,0.8549707723011294
2017-08-20,pre,police,0.9267128109931946,2.2934486865997314,0.8151636985629036,0.8574395211165247
2017-08-20,pre,public_building,0.01444229856133461,2.54280424118042,0.5617509498298966,0.8583008233156811
2017-08-20,pre,substation,1.394844889640808,1.9284852743148804,0.8264276575309354,0.850506022485148
2017-08-20,pre,townhall,0.1553320437669754,2.504976272583008,0.9338270963856711,0.8560812053402406
2017-08-20,pre,water_works,0.037178438156843185,2.538511037826538,0.8381816895417731,0.8581673615613268
2017-08-20,pre,_all_combined,1.9920750856399536,1.23289155960083,0.8354886453995629,0.8488951047297962
2017-08-21,pre,aerodrome,0.09241771697998047,2.1842849254608154,0.5234262790694654,0.7624829096203117
2017-08-21,pre,clinic,0.9697633385658264,1.8172587156295776,0.7366545995300546,0.7388321821756582
2017-08-21,pre,fire_station,0.28790155053138733,2.214426279067993,0.6786375941484518,0.7678529843386703
2017-08-21,pre,government,0.8821220397949219,1.7868728637695312,0.717924738857212,0.7379524507120491
2017-08-21,pre,hospital,0.6412673592567444,2.073681116104126,0.7385465542468731,0.755646001095394
2017-08-21,pre,plant,0.020073410123586655,2.2550954818725586,0.11752287547070567,0.7722405672056367
2017-08-21,pre,police,0.799665093421936,2.025526762008667,0.7034088095392287,0.7572729692942674
2017-08-21,pre,public_building,0.02250981144607067,2.2812047004699707,0.8755467771712901,0.7700002386562222
2017-08-21,pre,substation,1.154181718826294,1.6850146055221558,0.6838378240753865,0.7431299004765085
2017-08-21,pre,townhall,0.08704418689012527,2.2483022212982178,0.5232933162380686,0.7683622781757661
2017-08-21,pre,water_works,0.024415673688054085,2.275080680847168,0.5504472925091657,0.7691122694086835
2017-08-21,pre,_all_combined,1.785417914390564,1.0167341232299805,0.7488153461279186,0.7000620722078067
2017-08-22,pre,aerodrome,0.18438677489757538,2.9970932006835938,1.0443114875382997,1.0462153162451402
2017-08-22,pre,clinic,1.222055435180664,2.6674509048461914,0.9283014952265408,1.0844898175058002
2017-08-22,pre,fire_station,0.4163978695869446,3.0261118412017822,0.9815273585830074,1.0493051993527356
2017-08-22,pre,government,1.1486295461654663,2.6112797260284424,0.9348248085562315,1.0784204698549382
2017-08-22,pre,hospital,0.8242188692092896,2.9002602100372314,0.9492515048720263,1.0568500686200375
2017-08-22,pre,plant,0.19916357100009918,3.0461552143096924,1.1660338432204336,1.0431330510855341
2017-08-22,pre,police,1.0770289897918701,2.836850166320801,0.9473862067766925,1.0605981560877036
2017-08-22,pre,public_building,0.0238177590072155,3.0990920066833496,0.9264210048214424,1.0460707819303314
2017-08-22,pre,substation,1.6462819576263428,2.421198844909668,0.9754008864935063,1.0678039530072791
2017-08-22,pre,townhall,0.16057728230953217,3.0595736503601074,0.9653604861438979,1.0456160910964183
2017-08-22,pre,water_works,0.05334586277604103,3.092752456665039,1.2026735820115546,1.0455338488387964
2017-08-22,pre,_all_combined,2.3494014739990234,1.6198089122772217,0.9853535487496947,1.115303163138715
2017-08-23,pre,aerodrome,0.19123004376888275,3.295888900756836,1.0830697135476723,1.150517924443482
2017-08-23,pre,clinic,1.5462071895599365,2.8525195121765137,1.174534644401234,1.1597320721336455
2017-08-23,pre,fire_station,0.4909016788005829,3.3140323162078857,1.157146717861611,1.149141711444117
2017-08-23,pre,government,1.4194269180297852,2.8338472843170166,1.1552162325411803,1.1703376277111306
2017-08-23,pre,hospital,1.04023277759552,3.1542561054229736,1.1980343649461138,1.1494057567402367
2017-08-23,pre,plant,0.2102876901626587,3.348229169845581,1.231161714519522,1.1465760159782585
2017-08-23,pre,police,1.3322168588638306,3.0835630893707275,1.1718569216663919,1.1528354107641179
2017-08-23,pre,public_building,0.03401125967502594,3.3929460048675537,1.3229097394861995,1.1452585701570115
2017-08-23,pre,substation,1.9915112257003784,2.6512701511383057,1.1799447877146774,1.169270650292794
2017-08-23,pre,townhall,0.1943919062614441,3.3588480949401855,1.1686476594444577,1.1478937972957908
2017-08-23,pre,water_works,0.05281113088130951,3.3902199268341064,1.1906181405998653,1.1460955049519321
2017-08-23,pre,_all_combined,2.791630506515503,1.7465143203735352,1.1708271476099799,1.2025448997198105
2017-08-24,pre,aerodrome,0.1826493889093399,2.746227264404297,1.0344714534750636,0.9586438704189929
2017-08-24,pre,clinic,1.2312742471694946,2.398286819458008,0.9353043174448132,0.9750573592320917
2017-08-24,pre,fire_station,0.3997839093208313,2.7695701122283936,0.94236515885375,0.960349276971555
2017-08-24,pre,government,1.1539448499679565,2.35789155960083,0.9391507271051397,0.9737748500192752
2017-08-24,pre,hospital,0.8099679946899414,2.6502339839935303,0.9328387963202173,0.9657409215039923
2017-08-24,pre,plant,0.1697058230638504,2.809871196746826,0.9935689146883685,0.9622193579797952
2017-08-24,pre,police,1.0635679960250854,2.5950560569763184,0.9355455228721458,0.9701998722558085
2017-08-24,pre,public_building,0.02921094372868538,2.8464715480804443,1.1361955519288403,0.960801006108106
2017-08-24,pre,substation,1.5759038925170898,2.2212913036346436,0.9337027880728445,0.9796401645360349
2017-08-24,pre,townhall,0.17673367261886597,2.815189838409424,1.0624896726578683,0.9620973805241004
2017-08-24,pre,water_works,0.047170430421829224,2.8433501720428467,1.0634494892062616,0.9612210775439967
2017-08-24,pre,_all_combined,2.243992567062378,1.4461913108825684,0.9411443994538715,0.9957605068757683
2017-08-25,pre,aerodrome,0.21351155638694763,2.1137406826019287,1.2092655299217063,0.7378575601867171
2017-08-25,pre,clinic,0.9236834049224854,1.819405198097229,0.7016512191026116,0.7397048649213437
2017-08-25,pre,fire_station,0.3430402874946594,2.181177854537964,0.8086098701854292,0.7563240830420839
2017-08-25,pre,government,0.923723578453064,1.7219560146331787,0.7517826093443255,0.7111427381219683
2017-08-25,pre,hospital,0.5529149174690247,2.0804684162139893,0.6367911935541847,0.7581192821348087
2017-08-25,pre,plant,0.11555510014295578,2.2300751209259033,0.6765351557356124,0.763672531889859
2017-08-25,pre,police,0.7984609603881836,2.00388765335083,0.7023496188970885,0.7491828702772833
2017-08-25,pre,public_building,0.019810400903224945,2.2661781311035156,0.7705498869612948,0.7649281545964397
2017-08-25,pre,substation,1.201825737953186,1.56280517578125,0.7120662926419065,0.689232752604305
2017-08-25,pre,townhall,0.08277911692857742,2.236536741256714,0.49765251604330063,0.7643413992374792
2017-08-25,pre,water_works,0.011254332959651947,2.2627036571502686,0.25372706015759383,0.764928100968335
2017-08-25,pre,_all_combined,1.7588139772415161,0.9126781225204468,0.7376574898948979,0.6284153576754414
2017-08-26,pre,aerodrome,0.21251089870929718,2.595668077468872,1.2035981044328432,0.906087170701637
2017-08-26,pre,clinic,1.2716493606567383,2.2370409965515137,0.9659741849002194,0.9095005938799212
2017-08-26,pre,fire_station,0.4495311975479126,2.6383023262023926,1.059628785727324,0.9148321323276534
2017-08-26,pre,government,1.1984634399414062,2.1924493312835693,0.9753826719371842,0.9054496208922119
2017-08-26,pre,hospital,0.8082808256149292,2.5146381855010986,0.9308956864943463,0.9163300346996405
2017-08-26,pre,plant,0.1643219143152237,2.6816670894622803,0.962047990564618,0.9183168211145712
2017-08-26,pre,police,1.0773372650146484,2.4559569358825684,0.9476573746809174,0.9181956201113304
2017-08-26,pre,public_building,0.026410993188619614,2.716348886489868,1.0272880349793134,0.9168792657843707
2017-08-26,pre,substation,1.6760259866714478,2.0482325553894043,0.9930238411545139,0.9033173065984199
2017-08-26,pre,townhall,0.14341798424720764,2.6859750747680664,0.8622020064319124,0.9179379480310399
2017-08-26,pre,water_works,0.03668253868818283,2.714752197265625,0.8270017187013871,0.9177473312918681
2017-08-26,pre,_all_combined,2.2709426879882812,1.2959643602371216,0.9524474473098734,0.8923232483364256
2017-08-28,pre,aerodrome,0.15650206804275513,3.372770309448242,0.8863808566061044,1.1773554306275091
2017-08-28,pre,clinic,1.468961477279663,2.87068510055542,1.1158570196836481,1.167117548503664
2017-08-28,pre,fire_station,0.4367891848087311,3.3691813945770264,1.0295934877097668,1.168264671106199
2017-08-28,pre,government,1.3738640546798706,2.8570218086242676,1.1181343943187967,1.1799083685026968
2017-08-28,pre,hospital,0.9895645380020142,3.2043380737304688,1.139679837429056,1.1676555439349254
2017-08-28,pre,plant,0.2201637476682663,3.397627830505371,1.288982616360672,1.163492217546557
2017-08-28,pre,police,1.3056265115737915,3.113481044769287,1.148467274317296,1.164020678391692
2017-08-28,pre,public_building,0.03368476778268814,3.4545724391937256,1.3102104361271385,1.1660600217448098
2017-08-28,pre,substation,1.9149742126464844,2.6575543880462646,1.1345975918491695,1.172042142203118
2017-08-28,pre,townhall,0.19154027104377747,3.415703773498535,1.1515041636744567,1.1673243517339293
2017-08-28,pre,water_works,0.05048185586929321,3.4494853019714355,1.1381050238104258,1.1661307184513738
2017-08-28,pre,_all_combined,2.7087669372558594,1.740307331085205,1.136073652757916,1.1982711395655277
2017-08-30,pre,aerodrome,0.19448845088481903,2.5020148754119873,1.1015243558838108,0.873395022728072
2017-08-30,pre,clinic,1.2572160959243774,2.137192726135254,0.9550103441068021,0.868905870143762
2017-08-30,pre,fire_station,0.42857375741004944,2.516610622406006,1.0102281946974432,0.8726354971031831
2017-08-30,pre,government,1.2005009651184082,2.0994343757629395,0.9770409342462795,0.867035799869423
2017-08-30,pre,hospital,0.8393555283546448,2.404478073120117,0.9666843701087173,0.8761878702393223
2017-08-30,pre,plant,0.1579083800315857,2.563607931137085,0.9244989649480172,0.8778883460802617
2017-08-30,pre,police,1.087834119796753,2.3462562561035156,0.956890715221756,0.8771824076137078
2017-08-30,pre,public_building,0.022240273654460907,2.595288038253784,0.8650627735475729,0.8760162594901504
2017-08-30,pre,substation,1.5978378057479858,1.9737592935562134,0.9466983495625267,0.870472898322736
2017-08-30,pre,townhall,0.16869251430034637,2.558239698410034,1.0141477379091985,0.8742840994281487
2017-08-30,pre,water_works,0.04269525408744812,2.5911121368408203,0.9625573848869603,0.8759496542847659
2017-08-30,pre,_all_combined,2.212925434112549,1.262942910194397,0.9281146512220861,0.8695866604556357
2017-08-31,pre,aerodrome,0.17512105405330658,2.571499824523926,0.9918332188372606,0.8976505974271982
2017-08-31,pre,clinic,1.294502854347229,2.186124324798584,0.9833342258225009,0.8887997022695013
2017-08-31,pre,fire_station,0.4269050359725952,2.5747241973876953,1.006294707366348,0.8927863968653825
2017-08-31,pre,government,1.1812492609024048,2.165097713470459,0.9613727227082889,0.894153801360013
2017-08-31,pre,hospital,0.8272694945335388,2.4599545001983643,0.9527649049991338,0.8964033893715478
2017-08-31,pre,plant,0.1521613597869873,2.6097524166107178,0.890852148568774,0.8936901797152529
2017-08-31,pre,police,1.0655252933502197,2.392547607421875,0.9372672188580184,0.8944891101085861
2017-08-31,pre,public_building,0.02201460860669613,2.6442503929138184,0.8562852542083274,0.8925430642813337
2017-08-31,pre,substation,1.5964267253875732,2.0348434448242188,0.9458623025973735,0.8974124032408066
2017-08-31,pre,townhall,0.16066357493400574,2.6148533821105957,0.9658792612079313,0.8936319515861063
2017-08-31,pre,water_works,0.04647165164351463,2.6401846408843994,1.0476956381554785,0.8925390725274938
2017-08-31,pre,_all_combined,2.237379312515259,1.3017873764038086,0.9383707594826252,0.8963326276530166
2017-09-01,pre,aerodrome,0.2083377093076706,2.983506441116333,1.179962409116774,1.0414724954499224
2017-09-01,pre,clinic,1.4697986841201782,2.555515766143799,1.116492981309848,1.0389810068569145
2017-09-01,pre,fire_station,0.45173928141593933,2.9973456859588623,1.0648336507970324,1.0393305262918098
2017-09-01,pre,government,1.3733043670654297,2.5137269496917725,1.1176788863887006,1.03813259496968
2017-09-01,pre,hospital,0.9562325477600098,2.843008518218994,1.1012914395415427,1.0359876459252337
2017-09-01,pre,plant,0.18178823590278625,3.0379204750061035,1.064307264112487,1.040313126252323
2017-09-01,pre,police,1.2562118768692017,2.7805874347686768,1.105000716057723,1.039563506443859
2017-09-01,pre,public_building,0.030644796788692474,3.0762014389038086,1.1919670286750637,1.0383442755586798
2017-09-01,pre,substation,1.8703107833862305,2.3616530895233154,1.1081350844442384,1.0415429157859748
2017-09-01,pre,townhall,0.18819843232631683,3.039339780807495,1.1314136564588493,1.038701121232278
2017-09-01,pre,water_works,0.051747631281614304,3.0722756385803223,1.166641719440402,1.0386114692678263
2017-09-01,pre,_all_combined,2.5892419815063477,1.52242112159729,1.0859441450448464,1.0482477776712287
2017-09-02,pre,aerodrome,0.17158088088035583,4.069578170776367,0.9717827379150739,1.4205947989712187
2017-09-02,pre,clinic,1.7276886701583862,3.4244391918182373,1.3123921629274384,1.3922540907679088
2017-09-02,pre,fire_station,0.5283068418502808,4.048663139343262,1.2453176562046822,1.4038751723245964
2017-09-02,pre,government,1.6334645748138428,3.3809969425201416,1.3294131371871951,1.3963024623471407
2017-09-02,pre,hospital,1.2256869077682495,3.808821439743042,1.4116215791287758,1.3879282920970148
2017-09-02,pre,plant,0.2785283327102661,4.085758686065674,1.630687081001221,1.3991374780161174
2017-09-02,pre,police,1.5643078088760376,3.711902379989624,1.3760109108749408,1.3877492955154414
2017-09-02,pre,public_building,0.03891420736908913,4.157660961151123,1.5136159149893167,1.4033812623998518
2017-09-02,pre,substation,2.266479253768921,3.1540963649749756,1.3428598078866363,1.3910284872995728
2017-09-02,pre,townhall,0.21167367696762085,4.109097480773926,1.2725424217071757,1.4042931913978522
2017-09-02,pre,water_works,0.057421669363975525,4.148269176483154,1.2945619619835254,1.402361132641245
2017-09-02,pre,_all_combined,3.187779664993286,1.9625494480133057,1.336974561519558,1.3512937177930349
2017-09-05,pre,aerodrome,0.16866357624530792,2.1995327472686768,0.9552599979044544,0.767805568492289
2017-09-05,pre,clinic,1.0341700315475464,1.8838852643966675,0.7855794090569551,0.7659201460374069
2017-09-05,pre,fire_station,0.35145461559295654,2.2212884426116943,0.8284440092043559,0.7702324416300951
2017-09-05,pre,government,0.9769646525382996,1.8561121225357056,0.795113443950846,0.7665472554841105
2017-09-05,pre,hospital,0.6588156819343567,2.1232266426086426,0.75875692837442,0.773700309776008
2017-09-05,pre,plant,0.12818153202533722,2.257952928543091,0.7504585485531016,0.7732190784284871
2017-09-05,pre,police,0.8864203095436096,2.071018695831299,0.7797212355728932,0.7742807978013762
2017-09-05,pre,public_building,0.018514953553676605,2.2900872230529785,0.7201618704019589,0.7729984546897839
2017-09-05,pre,substation,1.331120252609253,1.727321743965149,0.7886716296742761,0.7617883141647654
2017-09-05,pre,townhall,0.12201997637748718,2.2657623291015625,0.7335611988249818,0.7743293088008686
2017-09-05,pre,water_works,0.03320276737213135,2.2866928577423096,0.7485508545579674,0.7730378742453752
2017-09-05,pre,_all_combined,1.884681224822998,1.0965851545333862,0.7904469941360198,0.7550426980813698
2017-09-11,pre,aerodrome,0.1658223569393158,2.2729671001434326,0.9391681824176259,0.7934397879081538
2017-09-11,pre,clinic,0.985750675201416,1.9719289541244507,0.7487989491857754,0.8017155508682697
2017-09-11,pre,fire_station,0.33828917145729065,2.294475793838501,0.797410604494887,0.7956101778801355
2017-09-11,pre,government,0.9293568730354309,1.9230793714523315,0.7563673281921753,0.7942037533007575
2017-09-11,pre,hospital,0.6636645197868347,2.1940555572509766,0.7643413268883255,0.7995102502223765
2017-09-11,pre,plant,0.12130585312843323,2.334911346435547,0.7102038260220289,0.7995729125620067
2017-09-11,pre,police,0.8739602565765381,2.1321072578430176,0.7687610084772496,0.7971196551357792
2017-09-11,pre,public_building,0.020548271015286446,2.367243528366089,0.7992502516948803,0.79904187529675
2017-09-11,pre,substation,1.2961149215698242,1.8429616689682007,0.7679314212490513,0.8127881605025952
2017-09-11,pre,townhall,0.14605069160461426,2.3278448581695557,0.8780293489916251,0.7955461510108328
2017-09-11,pre,water_works,0.03044244647026062,2.3640005588531494,0.6863198800493834,0.7991724645237234
2017-09-11,pre,_all_combined,1.8367913961410522,1.1281174421310425,0.7703617029829294,0.7767539381122845
2017-09-12,pre,aerodrome,0.16070978343486786,2.1170060634613037,0.9102120967951904,0.7389974284656458
2017-09-12,pre,clinic,1.0031602382659912,1.8474586009979248,0.7620236548405533,0.7511103718556678
2017-09-12,pre,fire_station,0.33504533767700195,2.1407549381256104,0.7897642839092235,0.7423074245078645
2017-09-12,pre,government,0.9178452491760254,1.8107290267944336,0.7469984663111056,0.7478046983597494
2017-09-12,pre,hospital,0.6266172528266907,2.042083978652954,0.7216740509655479,0.7441320559783664
2017-09-12,pre,plant,0.13508643209934235,2.1627917289733887,0.7908843509722662,0.7406318379668753
2017-09-12,pre,police,0.8594604134559631,1.9913618564605713,0.7560065222906585,0.744499916893613
2017-09-12,pre,public_building,0.019729530438780785,2.199174165725708,0.767404330869807,0.7423115655103327
2017-09-12,pre,substation,1.2938562631607056,1.701217532157898,0.7665931951910334,0.7502757609448907
2017-09-12,pre,townhall,0.13900400698184967,2.1689133644104004,0.8356660034716659,0.7412309599916516
2017-09-12,pre,water_works,0.03786107525229454,2.194603204727173,0.8535716290436827,0.7419061070883721
2017-09-12,pre,_all_combined,1.847550392150879,1.106449842453003,0.774874092634759,0.7618349299037378
2017-09-18,pre,aerodrome,0.2621731162071228,3.6210830211639404,1.4848700354507485,1.264035605323469
2017-09-18,pre,clinic,1.7507517337799072,3.118251323699951,1.3299113980030532,1.267769091019718
2017-09-18,pre,fire_station,0.5632466673851013,3.644047737121582,1.3276773347029478,1.2635746588046477
2017-09-18,pre,government,1.6362460851669312,3.0794622898101807,1.3316769000270101,1.2717730453675216
2017-09-18,pre,hospital,1.1380637884140015,3.4645798206329346,1.3107061778732867,1.2624872101143332
2017-09-18,pre,plant,0.16623011231422424,3.7071497440338135,0.9732198300492547,1.2694856799019953
2017-09-18,pre,police,1.5083330869674683,3.3767340183258057,1.326773908002263,1.262441674203663
2017-09-18,pre,public_building,0.015295181423425674,3.7552196979522705,0.5949248768082502,1.2675408143048663
2017-09-18,pre,substation,2.220491886138916,2.8589606285095215,1.3156128840252557,1.260866891223277
2017-09-18,pre,townhall,0.21132329106330872,3.709480047225952,1.270435967406419,1.2677230458315787
2017-09-18,pre,water_works,0.06360339373350143,3.7531344890594482,1.4339279072250166,1.2687821616953119
2017-09-18,pre,_all_combined,3.16054368019104,1.8283294439315796,1.325551620580943,1.2588778815951782
2017-09-27,post,aerodrome,0.051656950265169144,0.513978898525238,0.29256950018827044,0.17941804270259654
2017-09-27,post,clinic,0.19708451628684998,0.47512421011924744,0.14970994431855308,0.19316845419298206
2017-09-27,post,fire_station,0.0930219441652298,0.5370498895645142,0.2192700535123407,0.18622221219955262
2017-09-27,post,government,0.24184724688529968,0.45404452085494995,0.19683004587871988,0.1875137698327621
2017-09-27,post,hospital,0.1572100818157196,0.5190377831459045,0.18105859052679918,0.18913651776338358
2017-09-27,post,plant,0.049402911216020584,0.5367193818092346,0.2892369630762729,0.18379553467707457
2017-09-27,post,police,0.19818642735481262,0.5016889572143555,0.1743305792377825,0.18756379496813286
2017-09-27,post,public_building,0.003833081340417266,0.5544132590293884,0.1490924089825541,0.1871372357241128
2017-09-27,post,substation,0.3417803645133972,0.41622066497802734,0.20250047021903106,0.18356281324074297
2017-09-27,post,townhall,0.03343062847852707,0.5442097187042236,0.20097866457795424,0.18598488019440784
2017-09-27,post,water_works,0.007848583161830902,0.5534033179283142,0.1769449988011847,0.1870831594383941
2017-09-27,post,_all_combined,0.4678671658039093,0.24348898231983185,0.1962263909640058,0.1676518940675259
2017-09-28,post,aerodrome,0.09086546301841736,0.6293557286262512,0.5146347773766913,0.21969340242913468
2017-09-28,post,clinic,0.3040194511413574,0.5560071468353271,0.23094018728434507,0.2260525538100329
2017-09-28,post,fire_station,0.09356188029050827,0.6601450443267822,0.220542783556262,0.22890549447238542
2017-09-28,post,government,0.3471653461456299,0.5099968314170837,0.28254434106398546,0.21062125864157635
2017-09-28,post,hospital,0.20926041901111603,0.6222241520881653,0.24100487756003178,0.22673746154072857
2017-09-28,post,plant,0.07376514375209808,0.654269278049469,0.4318694108217403,0.22404961672248055
2017-09-28,post,police,0.28211256861686707,0.6037451028823853,0.24815446826330223,0.2257189859605817
2017-09-28,post,public_building,0.007122088689357042,0.6732800602912903,0.27702239148623203,0.22725966109045972
2017-09-28,post,substation,0.4639683663845062,0.4773542582988739,0.2748952898256253,0.2105241232326015
2017-09-28,post,townhall,0.039187394082546234,0.66456139087677,0.2355872590328033,0.22711533149083737
2017-09-28,post,water_works,0.008278925903141499,0.673017144203186,0.18664700415364358,0.22751973039317278
2017-09-28,post,_all_combined,0.5992751717567444,0.2836077809333801,0.2513397236288345,0.19527529004706207
2017-10-03,post,aerodrome,0.13409724831581116,1.3376471996307373,0.7594866656855821,0.46694143100618285
2017-10-03,post,clinic,0.6210094094276428,1.1948753595352173,0.47173307096024386,0.48579344356451964
2017-10-03,post,fire_station,0.21441520750522614,1.363478660583496,0.5054165922400061,0.47278663936907883
2017-10-03,post,government,0.6103262305259705,1.1464954614639282,0.49672072559249336,0.4734859164701441
2017-10-03,post,hospital,0.4087761342525482,1.307390809059143,0.4707867959480919,0.4764110687329067
2017-10-03,post,plant,0.09890303760766983,1.379852294921875,0.5790430873916641,0.47252008948448015
2017-10-03,post,police,0.5539437532424927,1.2779814004898071,0.4872651303967814,0.4777921417794733
2017-10-03,post,public_building,0.01293138973414898,1.4015440940856934,0.5029822943299878,0.47307867054231023
2017-10-03,post,substation,0.8361204862594604,1.08195960521698,0.4953906344747572,0.4771688809755689
2017-10-03,post,townhall,0.09043553471565247,1.3787760734558105,0.5436814629201329,0.4711997857134278
2017-10-03,post,water_works,0.01592801697552204,1.4000978469848633,0.35909448705918157,0.47331615162226315
2017-10-03,post,_all_combined,1.1702818870544434,0.6994034647941589,0.4908234813029936,0.4815672334451272
2017-10-04,post,aerodrome,0.1559039205312729,1.3394807577133179,0.8829931281866973,0.4675814833571686
2017-10-04,post,clinic,0.6306400895118713,1.1900403499603271,0.47904875768350297,0.48382770217374654
2017-10-04,post,fire_station,0.20236711204051971,1.3809115886688232,0.4770169865235797,0.4788315124735083
2017-10-04,post,government,0.6440503597259521,1.1404361724853516,0.5241674796206689,0.47098351843054304
2017-10-04,post,hospital,0.4147404134273529,1.3119970560073853,0.4776558463831926,0.47808957757376275
2017-10-04,post,plant,0.13164135813713074,1.379957914352417,0.7707146341301522,0.4725562580678529
2017-10-04,post,police,0.585379958152771,1.2788515090942383,0.5149173358691324,0.47811744467788214
2017-10-04,post,public_building,0.014093209058046341,1.4138613939285278,0.548172684624049,0.4772362649119119
2017-10-04,post,substation,0.8875198364257812,1.04592764377594,0.5258440883835308,0.46127796357230055
2017-10-04,post,townhall,0.08893659710884094,1.3908064365386963,0.5346701313295181,0.475311189019479
2017-10-04,post,water_works,0.01797393150627613,1.4137905836105347,0.405219289042825,0.4779451091046255
2017-10-04,post,_all_combined,1.2035876512527466,0.642210841178894,0.504792125363967,0.4421878266874305
2017-10-05,post,aerodrome,0.14449255168437958,1.3880550861358643,0.8183625516067493,0.4845376482039603
2017-10-05,post,clinic,0.6670687794685364,1.237287163734436,0.5067208308009691,0.5030365612213579
2017-10-05,post,fire_station,0.2206907719373703,1.4139056205749512,0.5202092668202343,0.4902722030505495
2017-10-05,post,government,0.6601928472518921,1.1906362771987915,0.5373052209067392,0.49171543005694435
2017-10-05,post,hospital,0.4511930048465729,1.3463902473449707,0.519638235471634,0.4906224001458183
2017-10-05,post,plant,0.1086558848619461,1.4279356002807617,0.6361426358137997,0.4889858574761021
2017-10-05,post,police,0.5929225087165833,1.3243597745895386,0.5215519839944835,0.49513137902100707
2017-10-05,post,public_building,0.015081613324582577,1.4552295207977295,0.5866178831625387,0.4911997060513606
2017-10-05,post,substation,0.9439765810966492,1.0822314023971558,0.5592939834913535,0.477288749735633
2017-10-05,post,townhall,0.09668830037117004,1.436834692955017,0.5812719166016124,0.49104144789013976
2017-10-05,post,water_works,0.01732836477458477,1.4548885822296143,0.3906650947111993,0.49183867132075976
2017-10-05,post,_all_combined,1.2680439949035645,0.6842910051345825,0.5318255156374718,0.4711617010805496
2017-10-06,post,aerodrome,0.14260955154895782,1.346487045288086,0.8076978026107899,0.470027214897672
2017-10-06,post,clinic,0.6194441318511963,1.1880356073379517,0.4705440500101058,0.48301264576287267
2017-10-06,post,fire_station,0.22662997245788574,1.3806456327438354,0.5342090689920826,0.4787392921758019
2017-10-06,post,government,0.625922441482544,1.1480275392532349,0.5094138736752271,0.4741186422685063
2017-10-06,post,hospital,0.4419806897640228,1.3161224126815796,0.509028427467778,0.47959285078666813
2017-10-06,post,plant,0.09090721607208252,1.398095726966858,0.5322303170239298,0.4787674162267148
2017-10-06,post,police,0.5720533728599548,1.2774429321289062,0.5031948815902676,0.4775908274635242
2017-10-06,post,public_building,0.017167985439300537,1.4203296899795532,0.6677698903838267,0.47941958037762283
2017-10-06,post,substation,0.8613302707672119,1.078277349472046,0.5103271075638659,0.4755449221467884
2017-10-06,post,townhall,0.09055260568857193,1.4022120237350464,0.5443852716389342,0.47920907377852157
2017-10-06,post,water_works,0.018668295815587044,1.4206823110580444,0.4208736166259379,0.4802749219248577
2017-10-06,post,_all_combined,1.1988879442214966,0.6638365387916565,0.5028210390883447,0.45707798364964103
2017-10-08,post,aerodrome,0.11996384710073471,1.3593705892562866,0.6794393127499341,0.4745245595327921
2017-10-08,post,clinic,0.6238719820976257,1.1974462270736694,0.4739075471854954,0.486838666051105
2017-10-08,post,fire_station,0.22182711958885193,1.397236943244934,0.5228878499501076,0.48449233412747167
2017-10-08,post,government,0.6011413335800171,1.170348882675171,0.48924549603935014,0.48333703178876236
2017-10-08,post,hospital,0.4375259280204773,1.319471001625061,0.5038978857550365,0.4808130711111932
2017-10-08,post,plant,0.07968708127737045,1.406367540359497,0.4665403073980083,0.48160003680420216
2017-10-08,post,police,0.5608550310134888,1.289932131767273,0.49334449250634665,0.4822600984263407
2017-10-08,post,public_building,0.01835629716515541,1.4278411865234375,0.7139907352069719,0.48195501883707575
2017-10-08,post,substation,0.8539444804191589,1.0803453922271729,0.5059511217738417,0.4764569762036269
2017-10-08,post,townhall,0.07640963047742844,1.412246584892273,0.4593603588431588,0.48263840734329855
2017-10-08,post,water_works,0.015776799991726875,1.4286022186279297,0.3556853253716965,0.4829523206368512
2017-10-08,post,_all_combined,1.179187297821045,0.6915686726570129,0.4945584658082209,0.4761726659829636
2017-10-13,post,aerodrome,0.052707139402627945,1.6104832887649536,0.29851745703574706,0.5621821446454969
2017-10-13,post,clinic,0.7337251901626587,1.3477193117141724,0.5573545777918659,0.5479343097766302
2017-10-13,post,fire_station,0.18432840704917908,1.6166630983352661,0.43449639802976237,0.5605784200002352
2017-10-13,post,government,0.6862848401069641,1.3204615116119385,0.5585404767009338,0.5453313597864614
2017-10-13,post,hospital,0.48703184723854065,1.5115573406219482,0.5609137708231648,0.5508090183187115
2017-10-13,post,plant,0.10063260048627853,1.6287089586257935,0.589169080013249,0.5577391911484321
2017-10-13,post,police,0.6172770261764526,1.5007036924362183,0.5429749300181009,0.5610601461888675
2017-10-13,post,public_building,0.013747519813477993,1.6596179008483887,0.5347266766594897,0.5601891752494309
2017-10-13,post,substation,0.9494960904121399,1.2121710777282715,0.5625642217724686,0.5345951123513084
2017-10-13,post,townhall,0.06128273159265518,1.6444976329803467,0.368420281571796,0.5620107189156366
2017-10-13,post,water_works,0.025477740913629532,1.6561321020126343,0.5743914210329164,0.5598709224435969
2017-10-13,post,_all_combined,1.3317350149154663,0.760583221912384,0.5585379244304194,0.5236919409441664
2017-10-14,post,aerodrome,0.06334920972585678,1.2536836862564087,0.358790957105976,0.43763172729795635
2017-10-14,post,clinic,0.4645754396915436,1.101502537727356,0.3529022194049902,0.4478314048636619
2017-10-14,post,fire_station,0.1624336838722229,1.2834399938583374,0.38288645624955653,0.4450332073906308
2017-10-14,post,government,0.4834507405757904,1.066654086112976,0.39346171053484896,0.4405125920646451
2017-10-14,post,hospital,0.34809479117393494,1.2116869688034058,0.4009001937518944,0.4415367461492173
2017-10-14,post,plant,0.08356641978025436,1.285779595375061,0.4892524929696783,0.440305597707718
2017-10-14,post,police,0.4356119930744171,1.2033931016921997,0.38317705248115697,0.4499062093077351
2017-10-14,post,public_building,0.010589184239506721,1.3196194171905518,0.41187933341802996,0.4454257287663719
2017-10-14,post,substation,0.7059595584869385,0.9686540365219116,0.4182719588141258,0.4271985390498335
2017-10-14,post,townhall,0.05175039544701576,1.3033608198165894,0.31111366557176134,0.4454264552658976
2017-10-14,post,water_works,0.013180128298699856,1.3192028999328613,0.29714379499151095,0.44596885935494335
2017-10-14,post,_all_combined,0.9808944463729858,0.576228678226471,0.411393214135223,0.39675647086897514
2017-10-15,post,aerodrome,0.09566707164049149,1.2430424690246582,0.5418296510083842,0.43391712661459764
2017-10-15,post,clinic,0.545428991317749,1.1006073951721191,0.41432044210442676,0.4474674720225338
2017-10-15,post,fire_station,0.1652785986661911,1.2705259323120117,0.38959245046102375,0.4405552526300628
2017-10-15,post,government,0.5411224365234375,1.0745608806610107,0.44039845554837653,0.44377798297874177
2017-10-15,post,hospital,0.37551575899124146,1.1961535215377808,0.43248087691508963,0.43587638341632623
2017-10-15,post,plant,0.09261580556631088,1.2750036716461182,0.5422335177319557,0.4366154632901307
2017-10-15,post,police,0.5044477581977844,1.174106478691101,0.4437270052019287,0.4389569745819247
2017-10-15,post,public_building,0.010425832122564316,1.3018323183059692,0.40552555209579694,0.43942185266384204
2017-10-15,post,substation,0.7532392740249634,1.0069159269332886,0.44628458218967604,0.4440729060258032
2017-10-15,post,townhall,0.06877615302801132,1.2855186462402344,0.4134693249711754,0.43932885281420425
2017-10-15,post,water_works,0.01791480928659439,1.301344394683838,0.40388638845745767,0.4399316248885117
2017-10-15,post,_all_combined,1.0509884357452393,0.6234491467475891,0.4407910679879366,0.4292696503602866
2017-10-19,post,aerodrome,0.10386627167463303,0.9243796467781067,0.5882674651576625,0.32267936955178644
2017-10-19,post,clinic,0.3972882330417633,0.831871747970581,0.30178930525689024,0.33820920134118304
2017-10-19,post,fire_station,0.13862523436546326,0.9492146968841553,0.3267655049596093,0.3291404842284414
2017-10-19,post,government,0.4410425126552582,0.7850003838539124,0.3589473071056779,0.3241937178747208
2017-10-19,post,hospital,0.2850993275642395,0.9062278270721436,0.32834842277753923,0.33022793538042144
2017-10-19,post,plant,0.08860326558351517,0.9478790163993835,0.5187414835526096,0.3245940737989327
2017-10-19,post,police,0.3854268193244934,0.8865112662315369,0.3390327055359951,0.33143527475600154
2017-10-19,post,public_building,0.008127204142510891,0.975077748298645,0.3161175921636029,0.3291287707515453
2017-10-19,post,substation,0.6094902753829956,0.7355931401252747,0.3611151492997644,0.32441336426463996
2017-10-19,post,townhall,0.06384004652500153,0.9584718942642212,0.3837943790207374,0.3275598988729615
2017-10-19,post,water_works,0.014396371319890022,0.9738483428955078,0.3245637911219004,0.32921852634489707
2017-10-19,post,_all_combined,0.823408305644989,0.45484423637390137,0.3453425500139107,0.31317843217077307
2017-10-20,post,aerodrome,0.11944801360368729,1.1453115940093994,0.6765177862634336,0.39980155814055685
2017-10-20,post,clinic,0.5358828902244568,1.0283492803573608,0.4070690035334941,0.41808991549228947
2017-10-20,post,fire_station,0.17438293993473053,1.1732020378112793,0.4110530790800227,0.40680816267441894
2017-10-20,post,government,0.5487026572227478,0.9815643429756165,0.4465677016623242,0.40537176825348215
2017-10-20,post,hospital,0.3517335057258606,1.1187700033187866,0.4050908952672926,0.4076779561659817
2017-10-20,post,plant,0.12713228166103363,1.169777750968933,0.7443155504704415,0.4005816344249292
2017-10-20,post,police,0.4750996530056,1.0983806848526,0.41791155332678476,0.41064577286006765
2017-10-20,post,public_building,0.011464330367743969,1.2042567729949951,0.4459192174911508,0.4064861002690735
2017-10-20,post,substation,0.7677299976348877,0.9006100296974182,0.45487014955836164,0.39718957897684987
2017-10-20,post,townhall,0.06091250479221344,1.1943210363388062,0.36619454752699504,0.40816186705746527
2017-10-20,post,water_works,0.018872208893299103,1.2027264833450317,0.42547080296484,0.40659291904275235
2017-10-20,post,_all_combined,1.0455271005630493,0.5667600631713867,0.4385005501423329,0.39023695104078016
2017-10-21,post,aerodrome,0.0921604260802269,0.7794628739356995,0.5219690604462698,0.27209230496068093
2017-10-21,post,clinic,0.37431037425994873,0.6863871216773987,0.28433479374276294,0.2790603729477733
2017-10-21,post,fire_station,0.12718625366687775,0.815850019454956,0.29980169623238845,0.28289624185408035
2017-10-21,post,government,0.3933425843715668,0.660406768321991,0.32012619504669537,0.2727383704971275
2017-10-21,post,hospital,0.24809731543064117,0.7679694890975952,0.2857332667634487,0.2798468235512115
2017-10-21,post,plant,0.09005948156118393,0.8104915022850037,0.5272671245846198,0.27754674800740464
2017-10-21,post,police,0.3326462507247925,0.7546463012695312,0.2926053733554096,0.2821356182737362
2017-10-21,post,public_building,0.00504295201972127,0.8338204622268677,0.19615181579262633,0.28144863754614263
2017-10-21,post,substation,0.5539312362670898,0.5976586937904358,0.32819713318755606,0.2635811251605005
2017-10-21,post,townhall,0.04041147232055664,0.8257984519004822,0.2429461876802945,0.28221845524392813
2017-10-21,post,water_works,0.01302472036331892,0.8318820595741272,0.29364014899927565,0.2812254985529486
2017-10-21,post,_all_combined,0.735901951789856,0.3521624803543091,0.30864184250880516,0.242477940021802
2017-10-22,post,aerodrome,0.10225864499807358,0.7298434972763062,0.5791623489857645,0.2547713381546592
2017-10-22,post,clinic,0.3760010600090027,0.6473824977874756,0.28561907763334843,0.26320249253939737
2017-10-22,post,fire_station,0.12225239723920822,0.7624264359474182,0.28817167739515925,0.2643715980589416
2017-10-22,post,government,0.4273361265659332,0.5958682894706726,0.34779221380799497,0.24608491932036772
2017-10-22,post,hospital,0.24736729264259338,0.7243599891662598,0.28489250072904565,0.2639555932280103
2017-10-22,post,plant,0.07998745888471603,0.762525200843811,0.46829891442715393,0.2611210471315619
2017-10-22,post,police,0.33580446243286133,0.7060731649398804,0.29538342876400475,0.26397583689429244
2017-10-22,post,public_building,0.004345855675637722,0.7864339351654053,0.169037396869016,0.2654537392632755
2017-10-22,post,substation,0.5475293397903442,0.538636326789856,0.324404091862083,0.2375509141633459
2017-10-22,post,townhall,0.05015623942017555,0.7759659290313721,0.30152989870931557,0.26518807986278997
2017-10-22,post,water_works,0.016138380393385887,0.7843769788742065,0.36383709524135033,0.26516596240851903
2017-10-22,post,_all_combined,0.7124089002609253,0.3053431212902069,0.2987887109980003,0.21024094041984917
2017-10-23,post,aerodrome,0.06410723924636841,0.756568431854248,0.3630842093557818,0.2641003893415609
2017-10-23,post,clinic,0.3438915014266968,0.6598960757255554,0.26122791632845055,0.2682900642843009
2017-10-23,post,fire_station,0.10185184329748154,0.7789824604988098,0.24008377088421548,0.27011240459684127
2017-10-23,post,government,0.3671771287918091,0.604641854763031,0.2988311508048072,0.24970827391948547
2017-10-23,post,hospital,0.23542660474777222,0.7353305220603943,0.27114043028173823,0.2679532374400156
2017-10-23,post,plant,0.06914189457893372,0.7731242775917053,0.40480188549830726,0.26475062162428065
2017-10-23,post,police,0.3242200016975403,0.7140669822692871,0.28519339820994305,0.2669644430675492
2017-10-23,post,public_building,0.0037262525875121355,0.8014994859695435,0.14493717336277095,0.27053898115861436
2017-10-23,post,substation,0.47240179777145386,0.5717192888259888,0.2798919894571218,0.25214125551991895
2017-10-23,post,townhall,0.05246802791953087,0.7865528464317322,0.31542793732039154,0.2688061824005806
2017-10-23,post,water_works,0.011327437125146389,0.7995023727416992,0.25537518138012005,0.27027924304997547
2017-10-23,post,_all_combined,0.647919237613678,0.3216281533241272,0.2717413465307546,0.22145383571977215
2017-10-24,post,aerodrome,0.0991704985499382,0.8424686193466187,0.5616720120959315,0.2940861408031268
2017-10-24,post,clinic,0.40708044171333313,0.7580012083053589,0.30922769282074464,0.30817609072795843
2017-10-24,post,fire_station,0.14561225473880768,0.8752986788749695,0.34323521374610555,0.3035100825504628
2017-10-24,post,government,0.4382244944572449,0.7019023895263672,0.35665383195412864,0.2898754572941084
2017-10-24,post,hospital,0.27212268114089966,0.8300234079360962,0.31340324061085956,0.30245916990401345
2017-10-24,post,plant,0.09190691262483597,0.8688904643058777,0.5380831946742344,0.2975450354048732
2017-10-24,post,police,0.3778173625469208,0.8068957924842834,0.3323392047477491,0.3016698589949362
2017-10-24,post,public_building,0.005810514558106661,0.8966073989868164,0.22600710393534665,0.30264180634843973
2017-10-24,post,substation,0.601667582988739,0.6549947261810303,0.3564803046665125,0.28886762410508193
2017-10-24,post,townhall,0.050644997507333755,0.8894626498222351,0.30446822060541234,0.3039758362979508
2017-10-24,post,water_works,0.014238604344427586,0.8947528600692749,0.32100696096434683,0.3024795597629264
2017-10-24,post,_all_combined,0.7974981069564819,0.38105517625808716,0.3344756519936787,0.26237171569425843
2017-10-25,post,aerodrome,0.09294987469911575,1.2109862565994263,0.5264402610623923,0.4227270507062355
2017-10-25,post,clinic,0.5071028470993042,1.0823882818222046,0.3852070189650005,0.4400602343200256
2017-10-25,post,fire_station,0.15449194610118866,1.238183856010437,0.3641663006812905,0.429340627856767
2017-10-25,post,government,0.5222347378730774,1.0229520797729492,0.4250264939495869,0.4224643003626699
2017-10-25,post,hospital,0.3480430841445923,1.1807286739349365,0.40084064285194587,0.4302555942226179
2017-10-25,post,plant,0.12018869817256927,1.2267433404922485,0.7036632700352207,0.42008907414014685
2017-10-25,post,police,0.47294881939888,1.1435842514038086,0.41601961716592795,0.4275457910217523
2017-10-25,post,public_building,0.010370798408985138,1.2671033143997192,0.4033849481784581,0.42769938808598273
2017-10-25,post,substation,0.7143193483352661,0.9413882493972778,0.4232250267811192,0.41517370460273745
2017-10-25,post,townhall,0.07083819061517715,1.2545123100280762,0.4258659079682413,0.428732368540795
2017-10-25,post,water_works,0.021397629752755165,1.2655590772628784,0.48240599518171107,0.42783406416249137
2017-10-25,post,_all_combined,0.9935566186904907,0.5873651504516602,0.41670380773364124,0.40442437700581596
2017-10-26,post,aerodrome,0.11754785478115082,1.0984467267990112,0.6657558556009749,0.3834421263223806
2017-10-26,post,clinic,0.5287842154502869,0.968353271484375,0.40167668644436416,0.3936976912172217
2017-10-26,post,fire_station,0.1618775576353073,1.1270852088928223,0.38157556309609264,0.3908171382506224
2017-10-26,post,government,0.5609346032142639,0.9045422077178955,0.4565228056451204,0.3735627489186622
2017-10-26,post,hospital,0.3616417646408081,1.0614604949951172,0.41650222062884207,0.38679446523132754
2017-10-26,post,plant,0.12271658331155777,1.121839165687561,0.7184631634546509,0.38416542474054716
2017-10-26,post,police,0.4855203926563263,1.0430843830108643,0.4270779407713946,0.3899724371766835
2017-10-26,post,public_building,0.0067092981189489365,1.157966136932373,0.26096639499628344,0.39086111018886543
2017-10-26,post,substation,0.7537177801132202,0.8481015563011169,0.44656809089273636,0.37403214373487165
2017-10-26,post,townhall,0.07402265816926956,1.141839861869812,0.4450103292830964,0.3902263091087425
2017-10-26,post,water_works,0.02187812700867653,1.1553795337677002,0.493238725703884,0.3905868406009803
2017-10-26,post,_all_combined,1.01798677444458,0.5033460855484009,0.4269499665682252,0.3465738934454905
2017-10-27,post,aerodrome,0.07406112551689148,0.882278323173523,0.41946004099409356,0.3079827796762157
2017-10-27,post,clinic,0.3667755424976349,0.7730603814125061,0.27861116174549405,0.31429861012094423
2017-10-27,post,fire_station,0.11943422257900238,0.9066930413246155,0.28152871466098073,0.31439608725797397
2017-10-27,post,government,0.36447250843048096,0.7367746233940125,0.29662996573174655,0.3042771816507841
2017-10-27,post,hospital,0.22594115138053894,0.8601434826850891,0.2602160493683558,0.31343487579245344
2017-10-27,post,plant,0.05943939834833145,0.914332389831543,0.3479971249098596,0.31310628264470924
2017-10-27,post,police,0.2973850965499878,0.8336158394813538,0.2615886306150941,0.3116595415351402
2017-10-27,post,public_building,0.006690815556794405,0.932489275932312,0.26024749302915506,0.3147534129069273
2017-10-27,post,substation,0.4906310737133026,0.7002720236778259,0.29069260099966154,0.3088359457281532
2017-10-27,post,townhall,0.04296227544546127,0.9210024476051331,0.25828113736494945,0.31475463224811323
2017-10-27,post,water_works,0.01301293820142746,0.9314168691635132,0.29337452212385456,0.3148741704145319
2017-10-27,post,_all_combined,0.7069271802902222,0.4122241139411926,0.29648964364567143,0.28383277478966085
2017-10-30,post,aerodrome,0.13954973220825195,1.1328773498535156,0.7903679019762894,0.39546105358806244
2017-10-30,post,clinic,0.5172573328018188,1.0121266841888428,0.3929206005174669,0.41149439003151966
2017-10-30,post,fire_station,0.1780066043138504,1.1661016941070557,0.41959473115417245,0.404346116340046
2017-10-30,post,government,0.5669499635696411,0.9289564490318298,0.4614184729308739,0.3836454747662561
2017-10-30,post,hospital,0.34498053789138794,1.1069843769073486,0.3973135134107292,0.40338329321175714
2017-10-30,post,plant,0.09977630525827408,1.1776257753372192,0.5841557675353317,0.4032691316233079
2017-10-30,post,police,0.47928836941719055,1.0662710666656494,0.4215960708189341,0.39864111986638223
2017-10-30,post,public_building,0.011201825924217701,1.2038569450378418,0.4357087845840068,0.4063511419190552
2017-10-30,post,substation,0.7621476054191589,0.8711798787117004,0.45156265396761414,0.3842102106667171
2017-10-30,post,townhall,0.07594601064920425,1.1829874515533447,0.4565731634421449,0.4042885892822794
2017-10-30,post,water_works,0.019652536138892174,1.2023690938949585,0.443063150613965,0.40647210020176683
2017-10-30,post,_all_combined,1.0213030576705933,0.5113705396652222,0.4283408363201919,0.3520990507594914
2017-10-31,post,aerodrome,0.13535019755363464,1.3304754495620728,0.766582995035061,0.4644379403691858
2017-10-31,post,clinic,0.6057939529418945,1.1511313915252686,0.4601750592697297,0.4680087159064021
2017-10-31,post,fire_station,0.20036101341247559,1.3552604913711548,0.4722882382968071,0.4699369867005094
2017-10-31,post,government,0.6400996446609497,1.075587511062622,0.5209521466470132,0.44420196637241555
2017-10-31,post,hospital,0.4173167943954468,1.2904291152954102,0.480623060071752,0.47023025531620877
2017-10-31,post,plant,0.11712377518415451,1.3657037019729614,0.6857192056995087,0.4676750097386957
2017-10-31,post,police,0.5779845118522644,1.2267712354660034,0.5084120849571662,0.4586464684400759
2017-10-31,post,public_building,0.01102833729237318,1.3994386196136475,0.4289607310584922,0.4723679864701505
2017-10-31,post,substation,0.8566047549247742,1.0189955234527588,0.5075273002037107,0.44940028380038843
2017-10-31,post,townhall,0.09835509955883026,1.3750578165054321,0.5912924005141639,0.46992906314144817
2017-10-31,post,water_works,0.01822671666741371,1.3981634378433228,0.41091828835418764,0.4726622065479895
2017-10-31,post,_all_combined,1.1551833152770996,0.5925230383872986,0.48449104666101894,0.40797578895702274
2017-11-01,post,aerodrome,0.10815330594778061,1.0731602907180786,0.612547943740822,0.3746152214016089
2017-11-01,post,clinic,0.500258207321167,0.9112492203712463,0.3800076727181647,0.3704812331905688
2017-11-01,post,fire_station,0.15941843390464783,1.094959020614624,0.3757789502983919,0.3796773727149538
2017-11-01,post,government,0.5027507543563843,0.8651078343391418,0.409169239344122,0.35727692743287653
2017-11-01,post,hospital,0.32632994651794434,1.0389389991760254,0.3758336582540777,0.37858766905508806
2017-11-01,post,plant,0.08567186444997787,1.097238540649414,0.5015791435092213,0.37574112484469674
2017-11-01,post,police,0.434206485748291,1.000967264175415,0.3819407271204508,0.3742263328857624
2017-11-01,post,public_building,0.005210625473409891,1.1325104236602783,0.20267368081783863,0.3822687619043651
2017-11-01,post,substation,0.6716294288635254,0.8123509883880615,0.397931798543892,0.35826532730008187
2017-11-01,post,townhall,0.058286625891923904,1.1127694845199585,0.35040825636999223,0.38029144307677953
2017-11-01,post,water_works,0.011568579822778702,1.1296393871307373,0.2608117032928866,0.3818851436627007
2017-11-01,post,_all_combined,0.9383010268211365,0.45637744665145874,0.3935292698186473,0.314234108713454
2017-11-02,post,aerodrome,0.13091638684272766,1.0237220525741577,0.7414712186533624,0.35735748582550225
2017-11-02,post,clinic,0.45630764961242676,0.9131159782409668,0.34662181536462144,0.37124018995254054
2017-11-02,post,fire_station,0.17189538478851318,1.0565811395645142,0.405189448138735,0.3663698308132545
2017-11-02,post,government,0.5069292187690735,0.8527113199234009,0.4125699286331023,0.35215734764694545
2017-11-02,post,hospital,0.304862916469574,1.0158779621124268,0.35111011534599346,0.3701842649333591
2017-11-02,post,plant,0.09519635885953903,1.0662426948547363,0.5573417649833392,0.36512682947232317
2017-11-02,post,police,0.42962774634361267,0.9778838753700256,0.377913133993867,0.3655962684946623
2017-11-02,post,public_building,0.007051047869026661,1.0920180082321167,0.2742591714816181,0.36860090932759815
2017-11-02,post,substation,0.6827288269996643,0.7912939190864563,0.4045080491863664,0.3489786791231779
2017-11-02,post,townhall,0.06183314323425293,1.0752369165420532,0.3717292530668287,0.3674646046010171
2017-11-02,post,water_works,0.014859428629279137,1.0898706912994385,0.3350033409572395,0.36844096466732357
2017-11-02,post,_all_combined,0.9297699928283691,0.46849870681762695,0.3899513012541817,0.32258008069946376
2017-11-03,post,aerodrome,0.12912645936012268,1.10402512550354,0.7313336052969639,0.3853894151699443
2017-11-03,post,clinic,0.5308678150177002,0.9590702056884766,0.4032594367339181,0.38992352978369804
2017-11-03,post,fire_station,0.18116340041160583,1.136730670928955,0.4270358877059306,0.39416170513902077
2017-11-03,post,government,0.5524526238441467,0.910399317741394,0.44961965330386455,0.3759816499963879
2017-11-03,post,hospital,0.3619422912597656,1.0877951383590698,0.4168483366375343,0.39639076612528085
2017-11-03,post,plant,0.09039665013551712,1.1453819274902344,0.5292411300042288,0.39222746729006575
2017-11-03,post,police,0.48087000846862793,1.0480808019638062,0.42298732679777334,0.39184042188431595
2017-11-03,post,public_building,0.00901733711361885,1.1691080331802368,0.3507404079066252,0.39462195759031543
2017-11-03,post,substation,0.7495017647743225,0.8332410454750061,0.444070156028067,0.3674783192783675
2017-11-03,post,townhall,0.07363126426935196,1.1527334451675415,0.44265734260861844,0.39394921539814154
2017-11-03,post,water_works,0.020672811195254326,1.1670761108398438,0.4660650816507466,0.39454097770565655
2017-11-03,post,_all_combined,0.9896223545074463,0.5104588270187378,0.41505375293569174,0.35147130017064687
2017-11-04,post,aerodrome,0.12809231877326965,1.3918354511260986,0.7254765426351754,0.48585728542874795
2017-11-04,post,clinic,0.5581910014152527,1.1883292198181152,0.42401475932978033,0.48313201806114126
2017-11-04,post,fire_station,0.18183587491512299,1.4424723386764526,0.42862103540086566,0.5001777212221599
2017-11-04,post,government,0.6014682054519653,1.0787768363952637,0.48951152431290146,0.44551911125331983
2017-11-04,post,hospital,0.3769954442977905,1.3536982536315918,0.43418502802889053,0.49328542566289496
2017-11-04,post,plant,0.09463948011398315,1.448767900466919,0.5540814324806247,0.49611972273425853
2017-11-04,post,police,0.5004434585571289,1.2948435544967651,0.4402047060964135,0.48409630604580145
2017-11-04,post,public_building,0.008624360896646976,1.4894979000091553,0.3354551150422662,0.5027666908842972
2017-11-04,post,substation,0.7835913896560669,1.0259796380996704,0.46426782033207653,0.45248043776787744
2017-11-04,post,townhall,0.07867548614740372,1.4590448141098022,0.47298225790409093,0.49863180612907637
2017-11-04,post,water_works,0.018609022721648216,1.486644983291626,0.41953731460559957,0.5025742192486519
2017-11-04,post,_all_combined,1.0993504524230957,0.5513582229614258,0.4610743977149348,0.37963216860371046
2017-11-05,post,aerodrome,0.06933452934026718,1.4857585430145264,0.39269001539466936,0.5186436456461614
2017-11-05,post,clinic,0.6362085342407227,1.262609839439392,0.48327867673550967,0.5133318524689431
2017-11-05,post,fire_station,0.18298915028572083,1.5044848918914795,0.43133952031853495,0.5216805928700974
2017-11-05,post,government,0.6234046816825867,1.2231481075286865,0.5073647671283487,0.5051423421532348
2017-11-05,post,hospital,0.4329589605331421,1.4142558574676514,0.49863811687324233,0.5153525172804374
2017-11-05,post,plant,0.1273466795682907,1.4991077184677124,0.745570776084855,0.5133582165889317
2017-11-05,post,police,0.5386064648628235,1.3923929929733276,0.47377400286170646,0.5205665982748107
2017-11-05,post,public_building,0.012136880308389664,1.5435057878494263,0.472078873889422,0.5209965702623993
2017-11-05,post,substation,0.8648954033851624,1.1559758186340332,0.5124394027876011,0.5098117204678819
2017-11-05,post,townhall,0.07677914202213287,1.5255756378173828,0.4615817929046972,0.5213688629129056
2017-11-05,post,water_works,0.022968346253037453,1.5422406196594238,0.5178175367974102,0.5213688432881539
2017-11-05,post,_all_combined,1.2031478881835938,0.7013405561447144,0.5046076860054348,0.4829009982455232
2017-11-06,post,aerodrome,0.1343889683485031,1.1105365753173828,0.7611388806096432,0.3876624103923318
2017-11-06,post,clinic,0.5533661246299744,0.9609952569007874,0.42034967163807874,0.3907061865269338
2017-11-06,post,fire_station,0.17789816856384277,1.1327983140945435,0.4193391278885108,0.3927981592132298
2017-11-06,post,government,0.5767198204994202,0.8927422761917114,0.46936977861031776,0.36868954917147245
2017-11-06,post,hospital,0.3667665123939514,1.0811272859573364,0.42240438411780434,0.39396101163500025
2017-11-06,post,plant,0.1129826158285141,1.1383941173553467,0.6614741495650048,0.38983454401676376
2017-11-06,post,police,0.5227742195129395,1.0346276760101318,0.45984749669618247,0.3868107728921072
2017-11-06,post,public_building,0.005942979361861944,1.169880986213684,0.23115948525557362,0.39488286097180586
2017-11-06,post,substation,0.7616317272186279,0.8280397057533264,0.451257002768687,0.3651844097436673
2017-11-06,post,townhall,0.08937881886959076,1.148018717765808,0.5373286855645932,0.39233794683599876
2017-11-06,post,water_works,0.02265203185379505,1.166190505027771,0.5106862814051073,0.3942415903908862
2017-11-06,post,_all_combined,1.0247453451156616,0.49190250039100647,0.4297845530230852,0.3386945277826938
2017-11-11,post,aerodrome,0.07772528380155563,1.355045199394226,0.44021273646782805,0.4730146668403036
2017-11-11,post,clinic,0.5590604543685913,1.1442978382110596,0.42467521584703644,0.4652304383481615
2017-11-11,post,fire_station,0.1701795905828476,1.3778176307678223,0.40114500152273874,0.4777586816323291
2017-11-11,post,government,0.5565873384475708,1.1116102933883667,0.4529847363286606,0.45907885047410313
2017-11-11,post,hospital,0.400170236825943,1.3073724508285522,0.4608753981529694,0.4764043790237583
2017-11-11,post,plant,0.09864355623722076,1.386446237564087,0.5775239136888152,0.47477813578321815
2017-11-11,post,police,0.5378878116607666,1.243510127067566,0.47314185448173,0.4649045492433331
2017-11-11,post,public_building,0.01092590857297182,1.416880488395691,0.42497664014877923,0.4782553332400467
2017-11-11,post,substation,0.7651448845863342,1.0418896675109863,0.4533385033251243,0.4594971238750852
2017-11-11,post,townhall,0.07230013608932495,1.3978352546691895,0.4346548497994944,0.4777133032283554
2017-11-11,post,water_works,0.023278461769223213,1.4146003723144531,0.5248090394047314,0.478218865737986
2017-11-11,post,_all_combined,1.0686358213424683,0.633771538734436,0.4481924909532442,0.4363770297226479
2017-11-14,post,aerodrome,0.11024969071149826,1.1731363534927368,0.6244212393839977,0.40951453254377695
2017-11-14,post,clinic,0.57515949010849,1.014739990234375,0.43690441471872604,0.412556866492195
2017-11-14,post,fire_station,0.186163529753685,1.202463150024414,0.43882212414986993,0.41695446221498467
2017-11-14,post,government,0.5573785305023193,0.9619112014770508,0.45362865669757385,0.3972553072409947
2017-11-14,post,hospital,0.3728048503398895,1.1366617679595947,0.4293587279168082,0.4141976858864156
2017-11-14,post,plant,0.0881238803267479,1.2077926397323608,0.5159348486317522,0.4135995485207669
2017-11-14,post,police,0.49251502752304077,1.1004232168197632,0.4332306262208784,0.4114094034754036
2017-11-14,post,public_building,0.009477647952735424,1.2298955917358398,0.3686447636428382,0.4151402541664624
2017-11-14,post,substation,0.75974440574646,0.9194201231002808,0.45013878906991994,0.40548525949653974
2017-11-14,post,townhall,0.07347654551267624,1.2175085544586182,0.4417272024791315,0.41608625288024537
2017-11-14,post,water_works,0.02757580392062664,1.2261472940444946,0.6216919017188228,0.4145105428088456
2017-11-14,post,_all_combined,1.0278871059417725,0.5695123672485352,0.43110222699817713,0.39213202237907013
2017-11-21,post,aerodrome,0.14413395524024963,1.85932195186615,0.8163315687111306,0.6490459167000517
2017-11-21,post,clinic,0.9296222925186157,1.5783560276031494,0.7061625351008545,0.6417029221511459
2017-11-21,post,fire_station,0.28988921642303467,1.8789540529251099,0.6833228929812951,0.6515278881087945
2017-11-21,post,government,0.9057755470275879,1.5325133800506592,0.7371754062671508,0.6329056909911498
2017-11-21,post,hospital,0.6377338171005249,1.7695560455322266,0.734476979605203,0.6448233236712675
2017-11-21,post,plant,0.18022994697093964,1.8829706907272339,1.055184021227632,0.6448092180253696
2017-11-21,post,police,0.8176731467247009,1.7347654104232788,0.7192492200310909,0.6485675617919107
2017-11-21,post,public_building,0.018176289275288582,1.9269577264785767,0.7069891071295489,0.6504273417301278
2017-11-21,post,substation,1.219643473625183,1.421364188194275,0.7226230718675204,0.6268540487732861
2017-11-21,post,townhall,0.11112125962972641,1.9064791202545166,0.6680401590699179,0.6515434741186376
2017-11-21,post,water_works,0.03754955530166626,1.9223408699035645,0.8465484636960141,0.6498652823503596
2017-11-21,post,_all_combined,1.656888484954834,0.8677744269371033,0.6949093063067643,0.5974973689292788
2017-11-22,post,aerodrome,0.1528654396533966,1.598313570022583,0.8657840822169183,0.5579339797436648
2017-11-22,post,clinic,0.7966896295547485,1.3801183700561523,0.6051838182265578,0.5611066042712798
2017-11-22,post,fire_station,0.27466338872909546,1.6140304803848267,0.6474327803505634,0.5596655589269285
2017-11-22,post,government,0.7747239470481873,1.3124940395355225,0.6305176180614461,0.5420409099374622
2017-11-22,post,hospital,0.5076314210891724,1.543208122253418,0.58463826586681,0.5623425112871466
2017-11-22,post,plant,0.13680003583431244,1.6383188962936401,0.8009169083260559,0.5610300423674086
2017-11-22,post,police,0.6776941418647766,1.5067365169525146,0.5961195924170312,0.563315606358723
2017-11-22,post,public_building,0.013911095447838306,1.674605131149292,0.5410891519663595,0.5652479807595694
2017-11-22,post,substation,1.0432066917419434,1.2551325559616089,0.6180865478160102,0.5535421048220178
2017-11-22,post,townhall,0.10692348331212997,1.6514514684677124,0.642803915633771,0.5643872076396688
2017-11-22,post,water_works,0.033905647695064545,1.6716978549957275,0.7643971742483328,0.5651330705962611
2017-11-22,post,_all_combined,1.4196960926055908,0.7905281186103821,0.5954293459320336,0.5443101989090438
2017-11-23,post,aerodrome,0.12110697478055954,1.23603093624115,0.6859136456755315,0.43146956409409004
2017-11-23,post,clinic,0.5780456066131592,1.043249487876892,0.4390967753838429,0.42414780518176687
2017-11-23,post,fire_station,0.23284949362277985,1.2754422426223755,0.5488696391498629,0.44225998472226713
2017-11-23,post,government,0.6034566164016724,0.9598755240440369,0.4911298144671086,0.396414602129282
2017-11-23,post,hospital,0.37312012910842896,1.206572413444519,0.42972183395171054,0.4396730105563578
2017-11-23,post,plant,0.08006830513477325,1.2992892265319824,0.46877224126695105,0.44493186977079574
2017-11-23,post,police,0.4958389401435852,1.1653554439544678,0.4361544369994938,0.435685271544619
2017-11-23,post,public_building,0.012143461965024471,1.324441909790039,0.4723348755120415,0.44705351800061205
2017-11-23,post,substation,0.7803152799606323,0.9187728762626648,0.46232676747270834,0.4051998088681327
2017-11-23,post,townhall,0.07397183030843735,1.3017598390579224,0.4447047617224993,0.4448793165354405
2017-11-23,post,water_works,0.016288725659251213,1.320962905883789,0.3672266041934474,0.4465638458020115
2017-11-23,post,_all_combined,1.0855696201324463,0.4912796914577484,0.455294631186057,0.33826569894490377
2017-11-24,post,aerodrome,0.10728350281715393,1.2847694158554077,0.6076216392283926,0.44848303029237435
2017-11-24,post,clinic,0.6156173348426819,1.0882771015167236,0.4676371267375071,0.4424544170898868
2017-11-24,post,fire_station,0.2101842314004898,1.3147013187408447,0.4954433932790481,0.4558730812813601
2017-11-24,post,government,0.6170149445533752,1.043113112449646,0.5021644091813667,0.4307905130296798
2017-11-24,post,hospital,0.4029305875301361,1.2413575649261475,0.4640544894815186,0.4523486627626975
2017-11-24,post,plant,0.07513438910245895,1.3205983638763428,0.43988586890278264,0.4522290243444049
2017-11-24,post,police,0.5160824656486511,1.217745304107666,0.45396123423689944,0.45527199125785583
2017-11-24,post,public_building,0.011578578501939774,1.3464759588241577,0.4503630390634737,0.4544909141322871
2017-11-24,post,substation,0.8241970539093018,0.9925218224525452,0.4883261541586643,0.4377247774130493
2017-11-24,post,townhall,0.08046313375234604,1.3279904127120972,0.48372925982204934,0.453843673346484
2017-11-24,post,water_works,0.026494920253753662,1.3429644107818604,0.5973235596632558,0.4540016599881268
2017-11-24,post,_all_combined,1.118727445602417,0.6119363903999329,0.46920122882687904,0.42134265756893635
2017-11-25,post,aerodrome,0.10664983838796616,1.4689592123031616,0.6040327536208822,0.5127793912116018
2017-11-25,post,clinic,0.7462645769119263,1.2329548597335815,0.5668797851871001,0.5012752018776
2017-11-25,post,fire_station,0.247659370303154,1.4806017875671387,0.5837792777449098,0.5133991191971805
2017-11-25,post,government,0.699457049369812,1.2162376642227173,0.569260824304312,0.5022884297812104
2017-11-25,post,hospital,0.4846479892730713,1.4026917219161987,0.5581682855574686,0.511138565232691
2017-11-25,post,plant,0.12208669632673264,1.4878538846969604,0.7147753929551461,0.5095044254549319
2017-11-25,post,police,0.6293132305145264,1.3750625848770142,0.5535623274604301,0.5140873703305884
2017-11-25,post,public_building,0.01585075445473194,1.5193722248077393,0.6165345725717568,0.5128505019600257
2017-11-25,post,substation,0.9638976454734802,1.1255183219909668,0.5710969579229456,0.4963792692743139
2017-11-25,post,townhall,0.09624156355857849,1.4997867345809937,0.5785862187221922,0.5125554479482018
2017-11-25,post,water_works,0.02820739522576332,1.5169053077697754,0.6359310223888749,0.5128040045166479
2017-11-25,post,_all_combined,1.2981293201446533,0.7148736715316772,0.5444434876272213,0.4922190889683243
2017-11-26,post,aerodrome,0.1364956796169281,2.290700912475586,0.7730706624837211,0.7996302480757203
2017-11-26,post,clinic,1.051669716835022,1.928542971611023,0.7988725736309139,0.7840763672668718
2017-11-26,post,fire_station,0.31569889187812805,2.3010482788085938,0.7441611066840982,0.797889189038245
2017-11-26,post,government,0.9811834692955017,1.9118605852127075,0.7985469744398982,0.7895705580872603
2017-11-26,post,hospital,0.6862484216690063,2.1886634826660156,0.790351169235298,0.7975453870782357
2017-11-26,post,plant,0.14803573489189148,2.3290445804595947,0.8666980413293929,0.7975638824693341
2017-11-26,post,police,0.8687869310379028,2.1420888900756836,0.7642103999932423,0.8008514351453103
2017-11-26,post,public_building,0.02397412434220314,2.370680809020996,0.9325030266739016,0.8002020986314037
2017-11-26,post,substation,1.3003512620925903,1.7873531579971313,0.7704413985237536,0.7882635379336579
2017-11-26,post,townhall,0.12977144122123718,2.3453049659729004,0.7801615507693218,0.8015131816359353
2017-11-26,post,water_works,0.039505235850811005,2.367717981338501,0.890638955608849,0.800429173909078
2017-11-26,post,_all_combined,1.8259109258651733,1.1370834112167358,0.7657983662705564,0.7829273661049849
2017-11-27,post,aerodrome,0.15033967792987823,1.8506768941879272,0.8514789240290821,0.6460281287478065
2017-11-27,post,clinic,0.9175757169723511,1.5860110521316528,0.6970116784620934,0.6448151804269538
2017-11-27,post,fire_station,0.29096144437789917,1.8617321252822876,0.6858503340399656,0.6455561794718416
2017-11-27,post,government,0.8847615718841553,1.5245583057403564,0.7200729511230666,0.6296203612388694
2017-11-27,post,hospital,0.5881011486053467,1.7849749326705933,0.6773151176048089,0.6504419408814861
2017-11-27,post,plant,0.15019625425338745,1.875766396522522,0.879347135146033,0.6423421614028522
2017-11-27,post,police,0.7914412021636963,1.7226260900497437,0.6961748342071502,0.6440290983379077
2017-11-27,post,public_building,0.01764218881726265,1.920785903930664,0.6862146134901566,0.6483440982430977
2017-11-27,post,substation,1.1792429685592651,1.4441452026367188,0.6986862922207948,0.636900996105307
2017-11-27,post,townhall,0.12505967915058136,1.8935678005218506,0.7518353214440876,0.6471310019206967
2017-11-27,post,water_works,0.03887873515486717,1.9162499904632568,0.8765146018743002,0.6478062036774725
2017-11-27,post,_all_combined,1.6324690580368042,0.9030500650405884,0.6846676472125619,0.6217860553665221
2017-11-28,post,aerodrome,0.12859661877155304,1.4924123287200928,0.7283327468378109,0.5209663270077516
2017-11-28,post,clinic,0.7609766721725464,1.2591509819030762,0.578055432080999,0.5119256051143909
2017-11-28,post,fire_station,0.23805759847164154,1.5112335681915283,0.5611461126116446,0.5240206984253426
2017-11-28,post,government,0.7279516458511353,1.2240784168243408,0.5924514655249434,0.5055265463339397
2017-11-28,post,hospital,0.4965294301509857,1.4390507936477661,0.5718521213136534,0.5243877513993261
2017-11-28,post,plant,0.1168198212981224,1.519665241241455,0.6839396607952268,0.5203979863790584
2017-11-28,post,police,0.6366632580757141,1.3982114791870117,0.5600276267206138,0.5227419249179722
2017-11-28,post,public_building,0.01481449045240879,1.5517046451568604,0.5762278107978356,0.5237640211983595
2017-11-28,post,substation,0.9587403535842896,1.151055097579956,0.56804132880831,0.5076415701705461
2017-11-28,post,townhall,0.10487345606088638,1.5263919830322266,0.6304795365223226,0.5216478507033874
2017-11-28,post,water_works,0.0310406144708395,1.5466699600219727,0.6998054778907964,0.5228662231599548
2017-11-28,post,_all_combined,1.3186100721359253,0.7219273447990417,0.5530332420302061,0.49707582487538804
